continent,region,country,year,criminality,criminal_markets,human_trafficking,human_smuggling,arms_trafficking,flora_crimes,fauna_crimes,non_renewable_resource_crimes,heroin_trade,cocaine_trade,cannabis_trade,synthetic_drug_trade,criminal_actors,mafia_groups,criminal_networks,state_embedded_actors,foreign_actors,resilience,political_leadership_governance,government_transparency_accountability,international_cooperation,national_policies_laws,judicial_system_detention,law_enforcement,territorial_integrity,anti_money_laundering,economic_regulatory_capacity,victim_witness_support,prevention,non_state_actors,criminality_avg,criminal_markets_avg,cyber_dependent_crimes,financial_crimes,counterfeit_goods_trade,illicit_trade_excisable_goods,extortion_protection_racketeering,criminal_actors_avg,private_sector_actors,resilience_avg
Asia,Western Asia,Turkey,2021,6.89,6.4,7.0,9.0,9.0,4.0,3.0,9.5,8.0,4.0,5.0,5.5,7.38,8.0,7.5,9.0,5.0,3.54,3.0,3.0,3.5,4.5,2.0,3.0,6.5,2.0,4.0,4.0,3.5,3.5,,,,,,,,,,
Africa,West Africa,Cabo Verde,2021,4.04,3.7,4.5,2.0,2.5,2.5,4.0,1.0,4.0,7.0,5.0,4.5,4.38,2.5,4.0,4.0,7.0,6.33,6.5,6.0,8.5,7.0,7.0,6.0,7.5,5.0,6.0,3.5,6.0,7.0,,,,,,,,,,
Africa,Southern Africa,South Africa,2021,6.63,6.0,4.5,4.0,8.0,3.5,7.5,7.5,7.5,5.5,3.5,8.5,7.25,7.0,7.0,7.5,7.5,5.79,6.0,5.5,6.5,6.5,6.0,5.0,6.0,6.0,6.0,4.0,5.0,7.0,,,,,,,,,,
Americas,South America,Colombia,2021,7.66,7.2,7.5,7.0,8.0,6.0,7.0,9.0,5.0,9.5,8.0,5.0,8.13,9.5,9.0,7.0,7.0,5.83,7.0,5.5,9.0,7.0,5.5,6.0,4.5,6.0,5.0,3.5,4.5,6.5,,,,,,,,,,
Americas,South America,Peru,2021,6.35,6.2,7.0,6.0,5.5,7.0,5.5,9.0,3.5,9.0,5.5,4.0,6.5,6.0,8.0,7.0,5.0,4.58,3.0,5.5,5.0,6.0,6.0,5.0,5.0,4.5,4.0,3.5,3.0,4.5,,,,,,,,,,
Asia,Western Asia,Iraq,2021,7.05,6.35,8.0,8.5,9.0,1.5,4.5,9.0,6.0,5.0,6.0,6.0,7.75,6.5,7.5,8.0,9.0,3.79,4.5,3.0,4.0,4.0,4.0,3.5,3.5,4.0,3.5,3.0,4.0,4.5,,,,,,,,,,
Americas,South America,Suriname,2021,4.9,4.55,4.0,4.0,5.5,5.0,3.5,9.0,1.5,8.5,2.5,2.0,5.25,2.5,5.0,8.0,5.5,2.25,3.0,2.0,3.0,2.0,2.0,2.0,2.0,1.0,1.5,2.0,2.5,4.0,,,,,,,,,,
Americas,South America,Venezuela,2021,6.64,5.65,7.5,7.5,8.0,2.5,2.5,9.0,2.0,9.0,7.0,1.5,7.63,9.5,5.0,9.0,7.0,1.92,2.0,1.5,1.5,2.0,1.5,1.5,3.5,1.5,1.0,1.0,2.0,4.0,,,,,,,,,,
Africa,Southern Africa,Mauritius,2021,4.51,4.4,4.5,3.5,2.0,2.0,3.0,4.0,8.0,3.5,5.5,8.0,4.63,2.0,6.0,6.0,4.5,5.67,6.0,6.0,6.5,6.0,5.5,5.5,5.5,3.5,7.0,5.5,5.0,6.0,,,,,,,,,,
Africa,Southern Africa,Botswana,2021,3.71,3.8,4.5,3.0,3.0,2.0,7.5,3.5,3.5,3.5,4.0,3.5,3.63,1.0,5.5,3.0,5.0,5.63,6.0,5.0,8.0,6.0,6.5,5.0,5.0,4.5,5.5,5.5,4.5,6.0,,,,,,,,,,
Asia,Western Asia,Iran,2021,7.1,6.95,7.5,8.0,8.0,4.5,4.0,8.5,9.0,5.5,6.0,8.5,7.25,7.0,7.5,9.5,5.0,3.5,3.0,2.5,4.5,4.0,3.5,3.5,5.5,2.5,3.0,4.0,3.0,3.0,,,,,,,,,,
Americas,South America,Guyana,2021,5.1,4.7,5.5,4.0,5.0,4.5,3.5,8.5,2.5,8.0,3.0,2.5,5.5,3.0,5.0,8.0,6.0,4.29,5.0,3.0,5.0,3.0,4.0,2.5,5.0,4.0,5.0,5.0,5.0,5.0,,,,,,,,,,
Africa,West Africa,Senegal,2021,4.81,5.0,5.0,5.0,4.5,7.5,7.0,3.5,2.5,6.5,6.0,2.5,4.63,2.5,5.5,4.5,6.0,5.58,5.5,4.0,6.0,6.5,5.0,6.0,6.5,5.0,5.5,5.0,5.0,7.0,,,,,,,,,,
Americas,South America,Brazil,2021,6.5,6.5,5.0,4.0,8.0,8.5,8.5,8.0,2.0,9.0,8.0,4.0,6.5,7.5,6.5,8.5,3.5,5.04,3.0,4.5,7.5,4.5,3.0,5.0,5.5,6.0,6.0,5.0,4.0,6.5,,,,,,,,,,
Asia,South-Eastern Asia,Cambodia,2021,5.83,6.15,7.5,6.5,5.0,8.0,8.0,8.0,4.0,2.5,4.5,7.5,5.5,2.5,4.0,8.5,7.0,3.92,4.5,3.5,5.0,4.5,4.0,4.5,4.5,4.0,4.0,3.0,3.0,2.5,,,,,,,,,,
Africa,West Africa,Nigeria,2021,7.15,7.05,7.5,6.0,8.0,6.0,6.5,8.0,6.0,6.5,8.0,8.0,7.25,5.5,9.0,7.5,7.0,5.5,5.5,5.0,7.0,7.0,4.5,4.5,4.5,5.0,6.5,5.0,5.0,6.5,,,,,,,,,,
Asia,South-Eastern Asia,Philippines,2021,6.84,6.3,7.0,5.0,7.5,7.0,7.5,8.0,4.0,3.5,4.5,9.0,7.38,8.0,6.0,8.0,7.5,4.13,3.0,3.0,5.0,5.0,4.5,2.0,4.0,5.0,6.0,5.0,4.0,3.0,,,,,,,,,,
Africa,Central Africa,Rwanda,2021,3.68,4.1,5.0,2.5,5.0,3.0,5.0,8.0,3.0,2.5,4.0,3.0,3.25,1.0,3.0,5.0,4.0,5.5,5.5,5.5,5.0,6.0,5.0,7.0,6.0,6.0,6.0,5.5,5.0,3.5,,,,,,,,,,
Africa,West Africa,Ghana,2021,6.01,6.15,6.5,5.0,5.0,6.5,6.0,7.5,6.0,6.5,5.5,7.0,5.88,3.0,6.5,7.5,6.5,5.38,5.5,5.5,6.5,5.0,5.0,4.5,6.0,6.0,6.0,3.5,4.0,7.0,,,,,,,,,,
Africa,East Africa,Ethiopia,2021,4.79,4.95,6.0,6.5,7.0,3.5,5.5,5.5,3.0,4.0,5.5,3.0,4.63,2.0,6.5,4.0,6.0,5.38,5.0,5.0,6.0,6.0,5.0,4.0,6.0,7.0,6.0,4.5,5.0,5.0,,,,,,,,,,
Americas,South America,Bolivia,2021,4.3,4.6,5.0,2.0,4.0,7.0,5.0,8.0,2.0,8.5,2.5,2.0,4.0,3.5,2.0,6.0,4.5,4.88,5.0,4.0,5.0,6.0,3.5,5.0,5.0,4.5,5.0,5.0,6.0,4.5,,,,,,,,,,
Africa,East Africa,Kenya,2021,6.95,6.65,7.5,7.0,7.5,6.0,7.0,7.0,7.5,6.0,6.5,4.5,7.25,7.0,7.5,8.0,6.5,5.21,5.0,4.5,7.0,6.0,5.5,4.5,6.0,6.0,5.0,3.0,3.5,6.5,,,,,,,,,,
Asia,Southern Asia,Afghanistan,2021,7.08,6.9,8.5,8.0,8.5,6.0,4.0,8.0,9.5,1.0,7.0,8.5,7.25,7.5,8.5,9.0,4.0,2.67,3.0,2.5,3.0,3.0,2.0,3.0,3.0,3.0,3.5,2.0,2.0,2.0,,,,,,,,,,
Asia,South-Eastern Asia,Indonesia,2021,6.38,6.0,6.5,6.0,4.5,7.5,8.0,7.5,3.5,4.0,6.5,6.0,6.75,6.0,7.5,7.5,6.0,4.33,4.0,3.5,5.5,5.0,3.5,4.0,4.0,4.5,4.5,5.0,4.5,4.0,,,,,,,,,,
Africa,West Africa,Gambia,2021,4.83,5.15,7.0,5.0,2.5,7.0,3.5,4.5,4.5,6.5,7.0,4.0,4.5,1.0,6.5,6.5,4.0,5.0,5.0,5.0,4.5,5.0,5.0,5.5,6.5,5.5,5.5,2.5,3.5,6.5,,,,,,,,,,
Africa,Southern Africa,Namibia,2021,4.33,3.9,3.5,2.5,3.0,6.5,4.5,4.0,3.0,4.5,3.0,4.5,4.75,3.0,5.0,5.0,6.0,4.96,5.0,5.0,7.0,6.5,4.5,4.5,3.5,4.5,5.0,4.0,4.0,6.0,,,,,,,,,,
Americas,Central America,Mexico,2021,7.56,8.0,7.5,8.5,8.0,7.5,7.0,7.5,8.0,9.0,8.0,9.0,7.13,9.0,9.0,7.0,3.5,4.46,3.0,4.0,7.0,6.0,4.0,5.0,3.0,4.0,5.0,3.5,4.0,5.0,,,,,,,,,,
Africa,Central Africa,Sao Tome and Principe,2021,1.78,1.8,1.5,1.5,2.0,2.5,2.0,1.0,2.0,2.0,2.5,1.0,1.75,1.0,2.0,2.0,2.0,4.92,6.0,5.0,7.0,7.0,6.0,5.0,5.0,3.0,3.0,4.0,3.0,5.0,,,,,,,,,,
Africa,North Africa,Tunisia,2021,3.79,4.2,4.0,7.0,5.0,3.5,3.5,5.0,2.0,3.0,5.0,4.0,3.38,1.0,4.0,5.5,3.0,4.83,4.5,5.0,5.0,6.5,4.5,4.5,5.5,5.5,4.0,4.5,3.0,5.5,,,,,,,,,,
Africa,North Africa,Algeria,2021,4.51,4.65,4.5,6.5,5.0,2.0,4.5,6.5,2.0,3.5,6.5,5.5,4.38,1.0,5.0,7.0,4.5,4.63,4.5,4.0,5.0,6.0,4.0,6.0,6.5,4.5,4.5,3.0,4.0,3.5,,,,,,,,,,
Africa,North Africa,Morocco,2021,4.79,4.95,5.5,6.5,3.0,3.0,4.5,3.0,3.0,6.0,9.0,6.0,4.63,1.0,6.5,7.0,4.0,4.63,4.5,3.5,6.0,6.0,4.0,5.5,6.0,3.5,4.5,4.5,4.0,3.5,,,,,,,,,,
Africa,Southern Africa,Seychelles,2021,3.68,3.6,4.0,3.5,3.5,4.0,4.0,1.0,7.5,3.0,3.0,2.5,3.75,2.0,4.5,4.5,4.0,4.58,5.0,5.0,6.0,5.5,6.0,4.0,4.5,3.0,3.0,4.0,5.0,4.0,,,,,,,,,,
Africa,East Africa,Djibouti,2021,3.99,3.6,6.0,7.0,6.0,2.0,4.0,2.0,2.5,1.5,3.5,1.5,4.38,1.5,5.0,5.0,6.0,4.5,4.5,3.0,6.5,5.5,4.0,4.0,6.0,5.0,5.5,3.0,4.0,3.0,,,,,,,,,,
Asia,Southern Asia,India,2021,5.53,6.3,7.0,6.0,5.5,5.5,8.0,7.0,6.5,3.5,7.5,6.5,4.75,3.5,6.0,6.0,3.5,5.25,4.0,5.5,7.5,4.5,5.0,5.5,6.5,6.0,5.0,3.5,5.0,5.0,,,,,,,,,,
Africa,Central Africa,Angola,2021,5.29,5.2,6.0,4.0,6.0,7.0,4.5,8.5,3.0,6.0,4.5,2.5,5.38,3.0,5.5,8.0,5.0,4.42,5.0,4.5,5.0,5.0,3.5,4.5,6.0,5.0,4.0,4.0,3.5,3.0,,,,,,,,,,
Asia,Western Asia,Saudi Arabia,2021,6.01,6.9,8.5,7.5,8.0,5.0,7.0,7.0,6.5,5.5,6.5,7.5,5.13,3.0,6.5,8.0,3.0,4.29,3.0,3.5,5.0,4.5,3.0,4.5,5.0,5.5,5.0,4.5,5.0,3.0,,,,,,,,,,
Africa,West Africa,CÃ´te d'Ivoire,2021,6.15,6.05,6.5,6.5,7.0,6.0,6.5,7.5,3.5,5.0,6.0,6.0,6.25,3.0,7.0,7.0,8.0,4.42,4.5,4.0,6.0,4.5,5.5,5.0,4.0,5.0,3.5,3.5,3.0,4.5,,,,,,,,,,
Europe,Western Europe,Switzerland,2021,4.34,4.3,5.0,3.0,6.5,1.5,3.0,7.0,2.5,5.5,5.5,3.5,4.38,4.5,4.0,1.5,7.5,7.13,9.0,6.5,7.5,6.5,7.0,7.5,8.5,5.0,6.0,8.0,6.0,8.0,,,,,,,,,,
Asia,Western Asia,Yemen,2021,6.13,5.0,8.5,7.5,9.0,2.5,4.0,7.0,2.5,2.0,3.0,4.0,7.25,8.0,7.0,6.0,8.0,2.0,2.0,2.0,3.0,2.0,1.5,2.0,2.0,2.0,2.5,1.0,2.0,2.0,,,,,,,,,,
Asia,Central Asia and the Caucasus,Tajikistan,2021,5.61,5.1,6.5,6.0,4.0,2.5,3.5,7.0,8.5,2.0,6.0,5.0,6.13,5.5,5.0,9.0,5.0,2.67,3.0,2.0,3.0,2.0,3.0,3.0,2.5,3.5,3.0,2.0,3.0,2.0,,,,,,,,,,
Africa,Southern Africa,Zambia,2021,4.93,4.6,5.0,3.0,4.0,8.0,4.5,5.5,4.0,3.0,5.0,4.0,5.25,3.0,5.0,6.0,7.0,4.33,4.0,3.0,5.0,6.5,5.0,4.0,3.5,5.0,5.0,3.0,3.0,5.0,,,,,,,,,,
Asia,Western Asia,Syria,2021,6.84,6.05,8.5,8.5,9.0,1.5,3.5,7.0,3.0,2.5,7.5,9.5,7.63,4.5,9.0,10.0,7.0,1.88,2.0,1.0,3.0,2.0,1.5,2.0,1.5,2.0,2.5,2.0,2.0,1.0,,,,,,,,,,
Asia,Central Asia and the Caucasus,Turkmenistan,2021,4.61,4.35,8.5,5.0,2.0,2.0,3.0,7.0,6.5,1.5,4.0,4.0,4.88,3.0,3.5,8.5,4.5,2.17,2.0,1.5,1.5,2.5,2.0,2.0,2.0,3.5,2.0,2.0,2.0,3.0,,,,,,,,,,
Europe,Western Europe,Ireland,2021,4.9,4.55,4.5,4.0,4.0,2.0,4.0,5.0,5.5,6.5,5.0,5.0,5.25,6.0,5.5,3.0,6.5,7.38,7.0,8.0,8.0,8.0,7.0,7.0,8.0,8.0,8.0,7.0,5.5,7.0,,,,,,,,,,
Asia,Eastern Asia,"Korea, DPR",2021,4.78,5.3,8.0,6.5,9.0,1.0,3.0,7.0,3.5,2.0,6.0,7.0,4.25,1.0,2.0,10.0,4.0,1.96,3.5,1.0,2.0,2.0,1.5,1.5,6.0,1.0,1.5,1.0,1.0,1.5,,,,,,,,,,
Africa,Southern Africa,Malawi,2021,3.83,4.15,4.5,3.5,4.5,4.0,6.0,4.0,4.5,2.5,6.0,2.0,3.5,2.0,3.0,4.0,5.0,4.29,5.0,4.5,4.5,5.5,4.0,4.0,3.0,6.0,4.0,2.0,3.5,5.5,,,,,,,,,,
Asia,South-Eastern Asia,Myanmar,2021,7.59,7.05,6.5,7.5,8.0,7.0,8.0,6.5,9.5,3.5,4.5,9.5,8.13,9.0,7.5,8.5,7.5,3.42,3.0,3.0,5.0,4.5,3.5,4.0,3.0,3.0,3.0,2.0,3.0,4.0,,,,,,,,,,
Asia,Southern Asia,Nepal,2021,6.16,5.7,7.0,6.5,6.0,7.0,7.0,6.5,4.5,3.5,5.0,4.0,6.63,4.5,6.5,8.5,7.0,3.71,2.5,2.0,4.5,3.5,3.0,4.5,4.0,3.0,4.5,4.5,3.5,5.0,,,,,,,,,,
Africa,East Africa,Tanzania,2021,6.15,6.55,6.5,6.5,5.5,7.5,8.0,6.5,7.5,5.0,7.0,5.5,5.75,3.0,7.0,7.0,6.0,4.04,5.5,2.0,4.0,5.5,5.0,4.0,4.5,5.5,5.0,3.0,3.0,1.5,,,,,,,,,,
Americas,South America,Ecuador,2021,6.25,6.0,6.0,5.5,7.5,6.0,6.0,6.5,6.0,7.0,4.0,5.5,6.5,6.5,5.5,6.5,7.5,5.71,5.0,5.5,6.0,6.5,5.5,6.0,4.5,7.0,5.5,5.0,5.0,7.0,,,,,,,,,,
Africa,North Africa,Egypt,2021,5.16,4.95,5.5,5.5,7.0,1.0,5.0,4.0,5.5,2.0,7.0,7.0,5.38,3.0,5.5,8.0,5.0,4.04,3.5,3.0,4.5,4.5,3.5,5.0,6.0,6.0,4.5,3.0,2.5,2.5,,,,,,,,,,
Americas,Central America,Costa Rica,2021,4.99,4.85,5.0,5.0,5.0,5.0,6.0,6.5,1.0,7.0,4.5,3.5,5.13,6.5,6.0,1.5,6.5,5.5,7.0,6.5,6.0,6.5,5.0,5.0,5.0,4.0,4.5,5.0,5.0,6.5,,,,,,,,,,
Africa,West Africa,Togo,2021,5.33,4.9,6.0,3.5,4.0,5.0,6.0,6.0,3.0,5.0,6.5,4.0,5.75,1.0,7.0,7.5,7.5,4.0,3.0,3.0,5.5,4.5,3.5,4.0,4.0,3.0,4.5,4.5,4.0,4.5,,,,,,,,,,
Asia,Western Asia,Bahrain,2021,4.83,5.65,7.5,5.5,5.5,4.0,6.0,6.5,5.0,4.0,6.0,6.5,4.0,1.0,6.0,4.0,5.0,5.54,6.0,5.0,7.0,5.5,5.0,5.0,6.5,5.5,6.0,5.5,5.5,4.0,,,,,,,,,,
Africa,East Africa,Uganda,2021,6.14,5.65,7.0,5.0,6.5,6.0,6.5,7.0,5.0,3.5,6.0,4.0,6.63,5.0,7.0,7.5,7.0,3.96,5.0,2.0,5.0,5.0,4.0,4.0,5.5,3.0,3.5,2.0,4.0,4.5,,,,,,,,,,
Asia,Central Asia and the Caucasus,Uzbekistan,2021,4.96,4.55,7.5,6.0,3.0,3.0,3.5,6.5,6.5,1.5,4.0,4.0,5.38,5.0,4.5,7.0,5.0,3.79,3.0,3.0,4.0,4.0,3.0,3.5,4.5,3.5,4.5,4.0,5.0,3.5,,,,,,,,,,
Asia,South-Eastern Asia,Vietnam,2021,6.28,6.05,6.5,7.0,4.0,6.5,8.5,6.0,7.0,4.0,4.5,6.5,6.5,6.0,7.0,7.0,6.0,4.67,5.0,4.5,5.5,5.5,4.0,4.5,5.0,5.5,5.0,5.0,4.5,2.0,,,,,,,,,,
Asia,South-Eastern Asia,Thailand,2021,5.76,6.4,6.5,7.0,5.5,6.5,8.0,6.0,7.5,4.0,5.0,8.0,5.13,1.5,5.0,6.5,7.5,4.67,5.0,4.5,6.0,5.5,4.0,5.0,4.0,4.5,4.5,4.5,5.0,3.5,,,,,,,,,,
Americas,Central America,Panama,2021,6.68,6.35,8.0,5.5,6.5,6.0,8.0,6.0,5.0,8.5,5.0,5.0,7.0,7.5,7.0,7.5,6.0,4.83,4.5,4.0,6.0,6.0,3.0,4.5,6.0,4.5,6.0,4.0,4.0,5.5,,,,,,,,,,
Asia,Western Asia,United Arab Emirates,2021,5.75,6.75,8.5,6.5,6.5,5.5,7.5,6.0,7.0,6.0,6.5,7.5,4.75,1.0,6.0,6.0,6.0,5.33,5.5,5.0,5.5,5.5,5.5,6.0,5.5,4.0,5.5,6.5,6.5,3.0,,,,,,,,,,
Americas,Central America,Nicaragua,2021,6.06,5.5,6.0,5.5,6.0,6.0,6.0,6.0,2.5,7.5,6.0,3.5,6.63,5.0,6.5,9.0,6.0,2.46,2.0,1.0,2.5,3.5,2.5,3.0,2.5,3.0,2.0,2.0,3.5,2.0,,,,,,,,,,
Asia,Western Asia,Kuwait,2021,5.14,6.15,8.0,6.5,6.5,5.5,6.0,6.0,5.0,4.5,6.5,7.0,4.13,1.0,6.0,6.0,3.5,5.54,5.0,4.5,6.0,5.5,5.5,6.0,5.5,5.5,6.5,5.5,5.5,5.5,,,,,,,,,,
Africa,Southern Africa,Lesotho,2021,3.9,3.55,4.0,3.0,3.0,1.0,2.5,5.5,3.5,5.5,4.5,3.0,4.25,1.0,5.0,6.0,5.0,3.67,4.0,3.5,6.0,5.5,3.0,3.0,2.5,5.0,3.0,2.5,2.0,4.0,,,,,,,,,,
Africa,West Africa,Burkina Faso,2021,5.49,5.35,6.0,4.0,8.0,4.0,6.0,8.5,4.0,4.0,3.0,6.0,5.63,3.5,6.5,6.5,6.0,3.63,3.5,4.0,5.5,5.0,4.0,3.0,3.0,3.0,3.0,2.5,2.0,5.0,,,,,,,,,,
Americas,Caribbean,Haiti,2021,5.73,5.45,6.5,6.5,5.5,6.5,4.0,6.0,2.0,8.0,6.0,3.5,6.0,8.0,6.0,7.0,3.0,2.67,2.0,2.0,3.0,4.0,3.0,2.0,2.0,3.0,2.0,1.5,3.0,4.5,,,,,,,,,,
Asia,Central Asia and the Caucasus,Azerbaijan,2021,5.08,4.15,4.5,3.0,3.0,3.5,3.5,6.0,6.0,3.0,5.0,4.0,6.0,5.5,5.5,7.5,5.5,4.08,3.5,3.5,5.5,4.0,2.5,4.0,5.0,4.5,4.0,4.0,5.0,3.5,,,,,,,,,,
Asia,South-Eastern Asia,Malaysia,2021,5.94,6.25,6.5,7.0,5.5,6.0,8.0,5.5,6.5,5.0,5.0,7.5,5.63,4.5,5.5,6.0,6.5,5.83,4.5,5.5,7.0,7.0,5.0,5.5,5.5,5.5,7.0,6.0,6.0,5.5,,,,,,,,,,
Africa,West Africa,Benin,2021,5.25,5.25,6.0,4.0,5.5,6.0,5.5,5.0,4.5,6.0,4.0,6.0,5.25,1.0,6.0,6.0,8.0,3.54,4.0,4.5,4.0,3.0,3.0,4.0,3.5,3.0,4.0,3.0,2.0,4.5,,,,,,,,,,
Oceania,Melanesia,Papua New Guinea,2021,5.44,5.0,7.0,4.0,5.5,8.0,5.0,5.5,1.0,4.0,5.5,4.5,5.88,1.0,8.0,8.0,6.5,3.42,3.0,2.0,4.5,5.0,4.5,3.0,3.0,4.5,3.0,3.0,2.5,3.0,,,,,,,,,,
Asia,Western Asia,Oman,2021,4.14,4.9,6.0,4.0,5.0,5.0,5.0,5.5,5.0,3.0,4.5,6.0,3.38,1.0,5.0,4.0,3.5,5.25,4.5,4.5,6.5,6.5,5.5,7.5,5.5,5.0,4.5,4.0,4.0,5.0,,,,,,,,,,
Asia,Southern Asia,Pakistan,2021,6.28,6.3,8.0,7.0,8.0,4.5,5.0,5.5,8.5,3.0,7.0,6.5,6.25,6.0,7.5,7.0,4.5,4.0,3.5,3.5,5.0,5.0,3.0,4.0,4.0,4.0,4.0,3.5,4.0,4.5,,,,,,,,,,
Africa,West Africa,Sierra Leone,2021,5.4,5.05,5.0,4.0,3.5,6.5,6.5,6.5,2.0,4.5,7.0,5.0,5.75,3.5,5.5,7.0,7.0,3.46,3.5,3.5,4.0,2.5,2.0,4.0,4.0,3.5,3.0,2.5,4.0,5.0,,,,,,,,,,
Europe,Western Europe,France,2021,5.66,5.7,6.0,6.5,6.0,4.0,5.5,4.5,6.0,6.5,6.5,5.5,5.63,6.0,6.5,3.0,7.0,6.83,6.0,7.0,8.5,7.5,6.5,7.0,5.0,8.0,8.0,5.0,6.5,7.0,,,,,,,,,,
Europe,Western Europe,Netherlands,2021,4.69,5.0,5.5,4.5,5.0,3.0,4.0,4.0,4.0,7.0,5.5,7.5,4.38,4.5,6.0,2.5,4.5,7.42,7.5,8.0,8.0,7.5,7.5,7.5,6.0,6.5,6.5,8.0,8.0,8.0,,,,,,,,,,
Asia,Central Asia and the Caucasus,Kyrgyzstan,2021,5.33,4.4,6.5,4.5,3.0,2.0,3.5,5.5,7.0,2.0,5.5,4.5,6.25,5.5,6.5,8.5,4.5,4.17,3.5,3.0,4.5,5.0,3.0,3.5,4.5,3.0,5.0,4.5,5.0,5.5,,,,,,,,,,
Europe,Western Europe,Andorra,2021,2.96,2.55,2.5,3.0,3.0,1.0,1.0,3.5,2.0,3.5,4.5,1.5,3.38,1.0,4.0,1.5,7.0,7.75,7.0,7.0,8.0,8.0,8.0,8.0,8.0,6.0,8.0,8.5,8.0,8.5,,,,,,,,,,
Africa,Southern Africa,Madagascar,2021,5.59,5.3,6.0,3.0,4.5,7.5,7.0,7.5,7.0,2.5,6.0,2.0,5.88,4.0,5.0,7.5,7.0,3.38,4.0,2.0,3.0,4.0,3.0,3.5,5.0,5.0,2.0,2.0,4.0,3.0,,,,,,,,,,
Asia,Western Asia,Israel,2021,4.41,4.2,5.5,2.5,5.5,1.5,2.0,5.5,3.0,4.5,6.5,5.5,4.63,5.5,4.0,5.0,4.0,6.0,6.0,5.0,6.0,7.0,5.0,5.5,3.5,7.0,7.0,6.0,6.0,8.0,,,,,,,,,,
Europe,Western Europe,Belgium,2021,4.34,5.05,5.0,5.5,5.5,2.5,3.5,3.0,4.0,7.5,6.5,7.5,3.63,3.0,4.5,2.0,5.0,7.0,7.0,7.0,8.0,7.0,6.0,7.0,6.0,7.0,7.0,7.5,6.5,8.0,,,,,,,,,,
Asia,Western Asia,Qatar,2021,5.21,5.8,8.0,6.0,6.5,5.0,6.5,5.0,4.5,4.0,6.0,6.5,4.63,1.0,6.0,6.0,5.5,5.58,5.0,5.5,5.5,5.0,5.0,5.5,7.0,6.0,6.0,6.0,6.0,4.5,,,,,,,,,,
Americas,Central America,Honduras,2021,6.98,5.7,6.5,6.5,6.0,7.0,6.0,5.0,2.0,7.5,7.5,3.0,8.25,8.5,8.0,8.5,8.0,3.92,2.5,3.5,5.5,4.0,3.0,4.5,4.5,4.0,3.5,3.0,4.5,4.5,,,,,,,,,,
Africa,Southern Africa,Mozambique,2021,6.53,6.05,4.0,5.0,5.5,8.0,8.0,8.0,7.5,3.5,4.0,7.0,7.0,3.5,8.0,9.0,7.5,3.29,3.0,3.5,5.0,5.5,2.0,2.0,3.5,3.0,4.0,3.0,2.0,3.0,,,,,,,,,,
Europe,Western Europe,Germany,2021,4.9,4.8,5.5,7.0,6.0,1.5,3.5,2.5,4.5,6.5,5.0,6.0,5.0,5.0,6.5,2.0,6.5,7.67,7.0,7.5,8.0,8.0,7.5,7.5,9.0,6.5,7.0,8.0,8.0,8.0,,,,,,,,,,
Europe,Western Europe,United Kingdom,2021,4.89,4.4,6.0,5.0,3.5,2.5,4.0,2.0,4.5,6.5,4.5,5.5,5.38,4.0,6.5,3.0,8.0,7.88,8.0,7.5,8.0,8.5,8.5,7.5,8.5,6.5,7.5,7.5,7.5,9.0,,,,,,,,,,
Europe,Western Europe,Austria,2021,4.04,3.95,4.5,5.0,6.5,2.0,2.5,2.0,4.5,3.5,4.5,4.5,4.13,2.0,4.0,4.0,6.5,7.42,7.0,6.5,7.0,8.0,8.0,8.5,8.0,6.0,7.0,8.0,8.0,7.0,,,,,,,,,,
Africa,Central Africa,"Congo, Rep.",2021,5.03,4.8,6.5,4.5,5.0,8.0,7.0,3.5,2.5,5.0,4.0,2.0,5.25,3.0,6.0,8.0,4.0,3.25,3.0,1.5,5.0,5.0,2.0,4.5,3.0,3.0,3.0,2.0,4.0,3.0,,,,,,,,,,
Asia,Western Asia,Lebanon,2021,6.76,5.9,8.5,6.5,7.5,1.5,3.0,5.0,4.0,6.0,9.0,8.0,7.63,6.0,7.0,9.5,8.0,4.0,4.5,3.5,6.5,4.0,4.0,3.5,3.0,3.0,2.0,5.0,3.5,5.5,,,,,,,,,,
Europe,Western Europe,Liechtenstein,2021,1.88,2.0,2.0,1.5,2.5,1.5,1.5,1.5,2.0,2.5,3.0,2.0,1.75,1.0,1.5,1.5,3.0,8.42,9.0,8.0,7.5,9.0,9.0,8.0,9.5,5.0,8.5,9.5,9.5,8.5,,,,,,,,,,
Asia,Eastern Asia,China,2021,6.01,5.9,6.5,6.0,2.5,8.5,9.0,4.5,6.5,3.5,4.0,8.0,6.13,7.0,7.5,7.0,3.0,5.46,6.0,4.0,6.0,7.0,5.0,5.5,7.0,6.0,7.0,4.0,6.0,2.0,,,,,,,,,,
Asia,Southern Asia,Bhutan,2021,3.69,3.75,5.0,3.0,2.0,7.0,5.5,4.5,2.0,1.5,4.0,3.0,3.63,4.0,3.5,3.0,4.0,4.58,6.0,6.0,4.5,4.5,5.5,5.0,3.5,4.0,5.0,3.5,4.0,3.5,,,,,,,,,,
Europe,Western Europe,Luxembourg,2021,2.36,2.35,3.5,2.0,2.0,1.0,1.5,1.5,3.5,3.0,2.5,3.0,2.38,1.0,2.0,1.5,5.0,7.5,8.0,6.5,9.0,7.0,7.5,7.0,8.0,6.0,8.0,7.0,8.0,8.0,,,,,,,,,,
Americas,North America,United States,2021,5.5,5.5,5.5,4.5,6.5,2.5,5.5,4.5,6.5,7.0,5.0,7.5,5.5,5.0,6.5,5.0,5.5,6.58,4.5,5.5,7.0,6.5,6.0,8.0,6.5,6.5,8.0,7.0,6.0,7.5,,,,,,,,,,
Asia,Central Asia and the Caucasus,Kazakhstan,2021,4.26,4.15,5.5,4.0,2.0,2.0,5.0,4.5,6.5,2.5,4.5,5.0,4.38,3.5,4.0,6.0,4.0,4.71,5.0,4.0,5.5,5.5,5.0,4.5,5.0,5.0,5.0,4.5,4.0,3.5,,,,,,,,,,
Americas,Caribbean ,Dominican Republic,2021,5.15,5.3,6.0,6.0,4.0,4.5,4.0,4.5,6.5,8.0,5.0,4.5,5.0,5.0,5.5,5.5,4.0,4.67,5.0,3.0,7.0,5.0,4.0,4.5,5.5,4.0,5.0,4.0,4.0,5.0,,,,,,,,,,
Africa,Southern Africa,Eswatini,2021,3.63,3.25,4.0,3.0,4.0,2.0,2.0,3.0,3.0,3.0,5.5,3.0,4.0,1.5,5.5,5.0,4.0,3.25,3.0,2.5,5.0,4.0,2.5,3.0,3.5,4.0,2.0,3.0,4.0,2.5,,,,,,,,,,
Europe,Southern Europe,Italy,2021,5.81,5.25,7.0,6.5,5.5,2.5,3.5,5.5,4.5,7.5,5.0,5.0,6.38,9.0,3.0,6.5,7.0,6.29,6.5,5.0,8.5,8.0,5.0,7.5,6.5,5.5,5.0,5.5,5.5,7.0,,,,,,,,,,
Africa,West Africa,Niger,2021,6.01,5.9,7.0,7.0,8.0,2.0,4.5,7.5,3.0,6.0,7.0,7.0,6.13,4.0,7.0,8.5,5.0,3.21,3.5,2.5,5.5,4.0,2.5,4.0,4.0,3.0,3.0,2.0,2.0,2.5,,,,,,,,,,
Europe,Southern Europe,Malta,2021,4.65,4.05,5.0,4.0,2.5,1.0,5.0,5.0,3.0,5.0,4.5,5.5,5.25,1.5,7.0,7.5,5.0,5.17,4.5,4.5,7.5,6.0,4.5,4.0,4.5,4.5,6.5,7.5,4.0,4.0,,,,,,,,,,
Africa,Southern Africa,Zimbabwe,2021,5.66,5.2,5.5,3.5,4.0,5.5,7.5,8.0,4.0,3.0,6.0,5.0,6.13,3.5,7.5,8.0,5.5,3.17,2.0,3.0,3.0,3.0,3.0,3.0,5.0,4.0,3.0,2.0,3.0,4.0,,,,,,,,,,
Africa,West Africa,Liberia,2021,5.05,5.1,6.0,3.0,4.5,5.5,6.0,6.5,5.0,5.5,6.0,3.0,5.0,3.0,6.0,6.0,5.0,3.17,3.5,3.0,3.0,3.0,3.5,4.0,4.0,3.0,4.0,1.0,2.0,4.0,,,,,,,,,,
Asia,Eastern Asia,Mongolia,2021,4.01,3.9,4.5,3.0,3.5,5.5,4.5,4.0,2.0,2.0,4.0,6.0,4.13,2.0,4.5,4.5,5.5,5.08,5.0,5.0,6.0,6.5,4.0,5.0,5.0,4.0,3.5,4.0,6.5,6.5,,,,,,,,,,
Africa,Central Africa,Gabon,2021,4.9,4.8,5.5,5.5,4.5,8.5,7.0,3.0,2.5,2.5,4.0,5.0,5.0,1.0,5.0,8.0,6.0,3.17,2.0,2.0,5.0,4.0,3.0,4.5,4.5,2.0,2.0,3.0,3.5,2.5,,,,,,,,,,
Europe,Southern Europe,Portugal,2021,4.55,4.1,4.5,4.0,4.0,3.5,3.5,3.0,4.5,5.0,4.5,4.5,5.0,4.5,6.0,4.5,5.0,6.46,7.0,5.5,7.5,7.0,5.5,7.5,6.0,6.5,5.5,7.0,5.5,7.0,,,,,,,,,,
Europe,Southern Europe,Greece,2021,4.93,4.1,5.5,7.5,3.5,2.0,2.5,3.0,6.0,3.5,5.0,2.5,5.75,3.0,6.5,7.5,6.0,5.25,5.5,5.0,6.5,6.0,4.5,5.0,5.5,5.5,5.5,4.0,5.0,5.0,,,,,,,,,,
Americas,Caribbean ,Cuba,2021,3.44,4.0,6.0,6.0,1.5,4.0,3.0,4.0,2.5,4.0,5.0,4.0,2.88,4.0,2.5,4.0,1.0,5.38,6.5,2.5,6.5,6.0,3.0,7.0,8.0,5.5,5.5,4.0,7.0,3.0,,,,,,,,,,
Africa,Central Africa,Cameroon,2021,6.31,6.25,6.5,5.5,6.5,7.0,7.5,7.5,4.5,3.5,7.0,7.0,6.38,4.0,7.5,8.0,6.0,3.13,2.0,1.5,5.0,4.5,2.5,4.0,2.0,3.5,2.5,2.5,2.5,5.0,,,,,,,,,,
Africa,North Africa,Mauritania,2021,4.38,4.0,7.5,6.0,4.0,1.0,3.5,3.5,1.5,4.5,6.5,2.0,4.75,2.5,4.5,7.0,5.0,3.08,4.0,3.5,3.0,3.5,2.5,3.0,4.5,4.0,3.0,1.5,2.0,2.5,,,,,,,,,,
Africa,East Africa,Sudan,2021,6.46,5.55,8.0,7.5,8.5,1.5,5.5,7.5,2.0,2.5,8.0,4.5,7.38,6.5,7.5,8.0,7.5,2.96,3.0,2.0,5.0,4.5,3.5,3.5,2.5,4.0,2.5,1.0,2.0,2.0,,,,,,,,,,
Africa,West Africa,Guinea,2021,5.2,5.15,7.0,3.0,6.0,4.5,6.0,6.5,2.5,7.0,4.5,4.5,5.25,1.0,5.0,8.0,7.0,2.83,2.0,3.0,4.0,3.5,3.0,3.5,3.0,3.0,3.0,1.5,1.5,3.0,,,,,,,,,,
Americas,South America,Paraguay,2021,6.7,5.9,7.0,6.0,8.5,6.0,6.5,3.5,1.0,7.0,9.0,4.5,7.5,6.0,7.5,8.0,8.5,3.38,2.0,3.0,5.0,3.0,3.0,3.0,5.0,2.5,4.0,2.0,3.0,5.0,,,,,,,,,,
Asia,Southern Asia,Bangladesh,2021,4.98,4.95,8.0,6.0,5.0,4.0,5.0,3.5,4.5,3.0,4.0,6.5,5.0,5.5,5.5,7.0,2.0,4.13,3.5,4.0,5.5,5.0,3.0,4.0,5.0,4.5,3.5,3.5,4.0,4.0,,,,,,,,,,
Asia,Central Asia and the Caucasus,Armenia,2021,3.26,3.4,3.5,2.0,2.5,4.0,4.5,3.5,4.0,2.0,4.0,4.0,3.13,3.0,3.0,3.5,3.0,5.71,6.0,6.0,6.5,6.0,4.5,6.0,5.5,6.0,5.5,5.5,5.0,6.0,,,,,,,,,,
Europe,Southern Europe,Spain,2021,5.78,5.3,7.0,7.0,4.0,3.5,5.0,2.0,6.5,7.0,7.0,4.0,6.25,6.0,6.5,5.0,7.5,6.63,6.0,6.0,8.0,8.0,7.0,8.0,5.5,6.5,6.0,6.5,5.0,7.0,,,,,,,,,,
Europe,Southern Europe,Cyprus,2021,4.19,3.5,5.5,6.0,2.5,2.5,3.0,2.0,2.0,4.5,4.0,3.0,4.88,3.5,5.0,4.0,7.0,4.42,5.0,5.0,6.5,6.0,4.0,5.5,3.0,3.0,3.5,4.0,3.5,4.0,,,,,,,,,,
Europe,Southern Europe,Monaco,2021,2.43,1.6,1.5,1.0,1.5,1.0,1.0,1.5,2.0,2.0,2.5,2.0,3.25,1.0,3.0,3.5,5.5,5.38,3.5,4.0,5.0,6.0,8.0,7.0,6.0,4.5,4.0,8.0,4.5,4.0,,,,,,,,,,
Africa,Central Africa,Chad,2021,5.86,5.35,7.0,7.0,8.0,1.5,3.5,7.0,2.0,4.5,6.0,7.0,6.38,5.5,6.5,8.5,5.0,2.46,3.5,2.5,5.0,2.5,2.0,2.5,3.5,2.0,2.0,1.0,1.0,2.0,,,,,,,,,,
Oceania,Micronesia,Nauru,2021,1.76,1.65,1.5,2.5,1.0,1.0,3.0,3.5,1.0,1.0,1.0,1.0,1.88,1.0,1.0,3.5,2.0,4.67,5.0,4.5,6.0,6.5,6.0,5.5,7.5,6.0,4.0,2.0,1.0,2.0,,,,,,,,,,
Europe,Southern Europe,San Marino,2021,3.01,1.9,2.0,1.5,3.0,1.0,1.0,1.5,2.0,3.5,2.5,1.0,4.13,2.0,4.0,4.5,6.0,5.13,4.0,4.0,5.5,5.5,6.5,5.0,6.0,4.0,5.5,5.5,4.5,5.5,,,,,,,,,,
Africa,West Africa,Guinea-Bissau,2021,5.45,4.9,5.5,2.5,5.5,8.5,5.5,1.0,5.0,8.0,5.5,2.0,6.0,1.0,8.0,8.5,6.5,2.42,2.0,2.5,3.0,3.0,3.0,3.0,3.0,2.5,1.5,1.0,1.5,3.0,,,,,,,,,,
Asia,Eastern Asia,Japan,2021,4.53,4.05,5.0,4.5,3.0,4.0,6.0,3.0,2.0,3.0,4.5,5.5,5.0,6.5,5.5,3.0,5.0,7.46,6.0,7.5,9.0,7.5,8.0,7.5,8.5,8.0,8.0,5.5,6.0,8.0,,,,,,,,,,
Europe,Northern Europe,Norway,2021,3.81,4.0,5.0,3.5,3.5,2.5,4.0,3.5,5.0,4.5,4.0,4.5,3.63,4.5,4.0,2.0,4.0,7.92,8.0,8.5,9.0,8.5,8.0,8.5,8.0,7.0,7.5,7.5,7.0,7.5,,,,,,,,,,
Americas,Central America,Belize,2021,4.64,4.4,5.0,5.0,4.5,5.5,4.5,3.0,3.5,4.5,5.5,3.0,4.88,6.5,3.5,4.5,5.0,3.13,5.0,2.5,3.0,3.0,4.0,4.5,2.0,2.0,1.5,3.0,3.0,4.0,,,,,,,,,,
Africa,West Africa,Mali,2021,5.89,6.15,7.0,6.0,8.0,5.0,5.5,7.5,3.0,6.0,7.0,6.5,5.63,3.0,7.0,8.5,4.0,2.38,2.0,3.0,4.0,2.5,2.5,2.0,1.5,2.5,2.0,1.5,2.0,3.0,,,,,,,,,,
Asia,Southern Asia,Sri Lanka,2021,4.64,4.65,5.5,6.0,5.0,3.0,4.5,3.0,6.0,3.0,5.5,5.0,4.63,4.0,5.0,7.0,2.5,4.04,4.0,3.5,5.5,5.5,3.5,3.5,4.0,5.0,5.0,3.0,2.5,3.5,,,,,,,,,,
Europe,Northern Europe,Estonia,2021,3.6,3.45,4.5,3.0,3.0,1.5,1.5,3.0,3.0,3.5,5.0,6.5,3.75,3.0,5.0,2.0,5.0,7.83,8.0,8.0,8.5,8.0,8.0,7.0,8.0,7.5,8.0,7.5,8.0,7.5,,,,,,,,,,
Europe,Northern Europe,Sweden,2021,4.56,4.25,4.5,5.5,6.0,2.0,3.5,2.0,4.0,4.5,5.0,5.5,4.88,5.5,5.5,2.5,6.0,7.46,7.0,9.0,8.5,7.0,7.0,6.5,8.0,7.5,7.5,6.0,7.0,8.5,,,,,,,,,,
Asia,Central Asia and the Caucasus,Georgia,2021,2.96,3.05,3.5,2.0,2.0,3.5,3.5,3.0,3.5,2.0,3.5,4.0,2.88,2.5,3.0,3.0,3.0,5.71,5.0,6.5,7.0,6.5,3.5,6.5,5.0,5.0,5.0,7.0,5.5,6.0,,,,,,,,,,
Europe,Northern Europe,Denmark,2021,3.86,3.85,4.0,4.5,4.0,1.5,2.0,2.0,5.0,5.5,5.0,5.0,3.88,5.0,4.0,2.0,4.5,8.21,9.0,9.0,8.5,9.0,7.5,8.0,8.5,5.5,8.5,7.5,8.5,9.0,,,,,,,,,,
Americas,South America,Argentina,2021,4.38,3.75,4.0,3.0,3.0,3.0,3.5,3.0,2.0,6.5,6.5,3.0,5.0,4.0,6.0,5.0,5.0,6.33,7.0,5.0,6.0,7.0,6.0,6.5,6.0,7.0,6.0,6.0,5.5,8.0,,,,,,,,,,
Europe,Northern Europe,Latvia,2021,3.51,3.65,4.5,3.5,3.5,1.0,2.0,2.0,4.5,5.0,5.5,5.0,3.38,3.5,3.5,2.0,4.5,7.42,7.5,6.0,8.5,8.0,7.5,7.5,8.5,5.5,8.0,7.5,7.5,7.0,,,,,,,,,,
Europe,Northern Europe,Lithuania,2021,3.31,3.0,3.5,2.5,2.5,1.0,2.0,2.0,4.0,4.5,4.0,4.0,3.63,3.5,4.0,4.0,3.0,7.21,7.5,7.0,7.5,7.0,7.5,7.0,8.0,6.5,7.5,7.0,6.5,7.5,,,,,,,,,,
Americas,North America,Canada,2021,3.66,3.45,3.5,4.0,2.5,2.0,3.0,3.0,5.0,3.5,3.0,5.0,3.88,5.0,4.0,2.0,4.5,7.25,7.5,7.0,8.0,8.0,7.0,7.0,6.0,6.5,7.5,8.5,6.0,8.0,,,,,,,,,,
Europe,Northern Europe,Finland,2021,2.71,2.8,3.0,2.5,2.5,1.0,1.5,2.0,3.5,4.0,3.5,4.5,2.63,3.0,3.0,1.5,3.0,8.42,9.0,8.5,9.0,8.0,8.0,8.0,9.0,8.5,9.0,8.0,8.0,8.0,,,,,,,,,,
Americas,Caribbean ,Grenada,2021,3.05,2.85,2.0,1.0,3.0,1.0,2.5,3.0,1.0,6.5,7.0,1.5,3.25,4.0,2.0,3.0,4.0,4.67,5.0,5.0,5.0,5.0,5.0,6.0,6.0,4.0,5.0,3.0,4.0,3.0,,,,,,,,,,
Europe,Northern Europe,Iceland,2021,3.39,2.65,4.0,3.0,1.5,1.0,1.5,1.0,1.5,4.5,4.0,4.5,4.13,4.5,5.0,2.0,5.0,8.04,7.0,7.5,8.5,8.5,8.5,8.5,8.5,8.0,8.5,7.0,7.5,8.5,,,,,,,,,,
Africa,Southern Africa,Comoros,2021,3.86,3.85,5.0,5.5,3.5,3.0,5.5,1.0,4.0,2.0,3.0,6.0,3.88,1.0,4.5,6.0,4.0,2.38,2.0,2.0,3.0,2.5,2.0,2.0,3.0,4.0,3.0,1.5,1.5,2.0,,,,,,,,,,
Europe,Central & Eastern Europe,Ukraine,2021,6.18,5.6,7.0,6.5,8.0,6.5,4.0,7.0,5.0,3.5,5.0,3.5,6.75,6.0,7.0,8.0,6.0,4.0,3.5,4.0,5.5,4.0,4.5,3.5,2.0,4.0,4.5,3.5,4.0,5.0,,,,,,,,,,
Oceania,Melanesia,Solomon Islands,2021,4.15,3.55,4.0,2.0,3.0,8.0,7.5,2.5,1.0,2.5,3.5,1.5,4.75,1.0,4.5,7.0,6.5,5.21,5.0,4.5,5.5,4.5,5.5,6.0,5.0,5.0,5.0,4.5,6.5,5.5,,,,,,,,,,
Americas,Central America,Guatemala,2021,6.48,5.95,6.5,7.0,7.0,4.0,4.0,2.5,7.5,8.5,6.5,6.0,7.0,7.5,6.0,7.0,7.5,4.42,3.5,4.0,5.5,5.5,4.0,5.0,3.5,5.0,4.0,4.0,4.0,5.0,,,,,,,,,,
Europe,Central & Eastern Europe,Albania,2021,5.63,5.25,5.0,6.5,4.5,4.5,3.5,5.5,6.0,7.0,7.0,3.0,6.0,7.0,7.5,7.0,2.5,5.04,5.5,4.5,6.5,6.0,5.0,5.5,5.5,4.0,4.0,4.5,5.0,4.5,,,,,,,,,,
Europe,Central & Eastern Europe,Poland,2021,4.01,4.4,5.5,4.5,3.5,2.0,2.5,5.5,4.0,4.5,5.5,6.5,3.63,2.0,5.5,3.5,3.5,6.13,5.5,4.0,7.0,7.0,5.5,6.5,7.5,7.0,7.5,5.0,6.0,5.0,,,,,,,,,,
Oceania,Melanesia,Kiribati,2021,2.35,2.45,4.5,1.5,2.0,1.0,6.5,2.0,1.0,3.0,2.0,1.0,2.25,1.0,4.0,1.5,2.5,4.33,5.5,5.5,5.5,6.0,4.0,5.0,4.0,4.0,3.0,1.0,3.0,5.5,,,,,,,,,,
Europe,Central & Eastern Europe,Russia,2021,6.24,6.1,6.5,6.0,4.5,7.5,7.5,5.0,7.0,4.5,5.0,7.5,6.38,4.5,7.5,8.5,5.0,4.04,4.0,3.0,4.5,5.5,4.0,4.5,5.5,4.0,4.0,2.5,3.5,3.5,,,,,,,,,,
Asia,South-Eastern Asia,Timor-Leste,2021,3.96,3.55,4.0,5.0,4.0,3.0,5.0,2.0,2.5,2.5,3.5,4.0,4.38,5.0,4.0,4.5,4.0,3.67,3.0,3.0,3.5,4.5,4.0,4.5,3.0,4.0,3.0,3.5,3.5,4.5,,,,,,,,,,
Africa,East Africa,Eritrea,2021,4.34,4.05,9.0,9.5,6.5,1.5,2.0,2.0,3.0,1.5,4.0,1.5,4.63,1.0,5.5,9.5,2.5,2.33,1.0,1.0,2.0,2.5,2.0,3.0,7.0,3.0,2.5,1.0,2.0,1.0,,,,,,,,,,
Asia,Eastern Asia,"Korea, Rep.",2021,4.91,3.95,6.0,4.5,3.5,4.0,4.5,2.0,3.5,3.5,3.0,5.0,5.88,6.5,6.0,4.5,6.5,7.54,8.0,7.0,8.0,8.0,8.5,8.0,7.0,7.0,6.5,6.5,8.0,8.0,,,,,,,,,,
Americas,South America,Chile,2021,4.6,4.45,4.0,4.5,5.5,4.0,4.5,2.0,2.0,7.0,6.5,4.5,4.75,4.0,5.5,4.5,5.0,6.42,7.0,7.0,8.0,6.0,6.0,4.0,4.0,6.5,7.0,7.0,6.5,8.0,,,,,,,,,,
Oceania,Melanesia,Fiji,2021,3.9,3.8,5.0,3.5,2.0,3.0,4.5,2.0,2.0,4.5,5.0,6.5,4.0,1.0,6.5,3.0,5.5,5.25,6.0,5.5,5.0,5.5,4.5,5.0,4.5,6.0,6.0,4.0,5.0,6.0,,,,,,,,,,
Americas,Caribbean ,Bahamas,2021,3.79,3.95,4.5,5.0,4.5,1.0,4.5,2.0,4.0,7.0,4.0,3.0,3.63,3.5,2.0,3.0,6.0,5.21,6.0,6.0,6.0,6.0,3.5,6.0,5.0,4.5,4.0,6.5,5.0,4.0,,,,,,,,,,
Asia,South-Eastern Asia,Brunei,2021,2.76,3.15,4.5,4.0,2.5,3.0,4.0,2.0,2.5,1.5,3.5,4.0,2.38,1.0,2.5,2.0,4.0,4.58,4.0,4.0,4.5,4.5,4.0,5.0,5.5,5.5,6.5,3.5,4.5,3.5,,,,,,,,,,
Europe,Central & Eastern Europe,Bulgaria,2021,5.43,5.1,6.0,5.0,3.5,5.5,5.0,5.0,6.0,4.0,5.0,6.0,5.75,4.5,6.5,7.5,4.5,5.29,4.5,5.0,6.5,6.0,5.5,5.5,6.5,6.0,4.5,4.5,5.0,4.0,,,,,,,,,,
Africa,Central Africa,"Congo, Dem. Rep.",2021,7.75,6.5,7.0,5.5,9.0,8.5,8.0,9.0,4.0,4.5,7.0,2.5,9.0,9.0,9.0,9.0,9.0,2.29,1.0,1.0,4.0,3.0,2.5,1.5,2.0,2.0,1.5,2.0,2.0,5.0,,,,,,,,,,
Oceania,Australia and New Zealand,Australia,2021,4.0,3.75,3.5,3.0,3.5,3.0,3.5,2.0,3.5,5.0,3.5,7.0,4.25,5.0,6.0,2.0,4.0,7.96,8.0,8.5,9.0,8.0,8.0,8.0,9.0,7.0,7.0,7.5,7.5,8.0,,,,,,,,,,
Europe,Central & Eastern Europe,Belarus,2021,5.08,4.4,7.0,5.5,6.5,3.0,2.0,5.0,4.0,2.0,4.0,5.0,5.75,4.0,5.0,9.0,5.0,3.79,3.5,2.0,3.0,4.0,3.0,5.0,4.5,4.5,5.0,3.0,5.0,3.0,,,,,,,,,,
Oceania,Polynesia,Tonga,2021,3.78,3.3,3.5,1.0,5.0,1.0,3.5,2.0,1.5,4.0,5.0,6.5,4.25,1.0,4.5,5.0,6.5,5.21,5.0,5.5,6.5,6.0,4.0,5.0,5.5,5.0,5.0,5.0,4.0,6.0,,,,,,,,,,
Europe,Central & Eastern Europe,Croatia,2021,5.06,4.75,4.5,6.0,3.5,5.0,2.5,4.5,5.0,5.5,5.5,5.5,5.38,4.0,6.5,6.5,4.5,5.58,5.0,5.5,6.5,6.0,5.0,6.0,6.5,6.5,4.5,5.5,5.0,5.0,,,,,,,,,,
Europe,Central & Eastern Europe,Romania,2021,4.59,5.05,6.5,5.5,3.5,6.0,5.0,4.0,5.5,5.5,4.5,4.5,4.13,4.0,5.0,3.5,4.0,5.58,5.5,5.5,6.5,6.0,6.0,5.5,6.5,5.5,5.0,5.0,5.0,5.0,,,,,,,,,,
Africa,Central Africa,Equatorial Guinea,2021,4.11,3.85,4.5,2.0,5.0,8.5,5.0,6.0,1.5,1.5,3.5,1.0,4.38,1.0,2.5,9.0,5.0,2.17,1.5,1.0,2.0,5.5,2.0,2.0,3.5,2.0,1.5,1.5,1.5,2.0,,,,,,,,,,
Europe,Central & Eastern Europe,Serbia,2021,6.21,5.55,5.0,6.5,7.5,4.0,4.0,4.0,7.0,5.5,6.0,6.0,6.88,6.0,7.0,8.0,6.5,4.92,4.5,4.0,6.0,5.0,5.0,5.0,6.0,5.5,5.0,4.0,5.5,3.5,,,,,,,,,,
Oceania,Polynesia,Samoa,2021,2.04,2.45,3.5,2.0,3.0,1.5,2.0,2.0,1.0,2.5,4.5,2.5,1.63,1.0,2.0,1.5,2.0,5.67,4.5,5.0,5.0,6.5,6.0,6.5,7.5,6.0,3.0,5.0,6.0,7.0,,,,,,,,,,
Americas,Caribbean ,St. Kitts and Nevis,2021,4.1,3.2,3.0,2.5,5.0,1.5,2.0,2.0,1.0,7.0,7.0,1.0,5.0,1.0,6.5,6.5,6.0,5.0,6.0,5.0,6.0,6.5,7.0,4.5,6.0,5.5,2.0,2.5,4.0,5.0,,,,,,,,,,
Europe,Central & Eastern Europe,Hungary,2021,4.5,4.75,6.0,6.0,3.5,3.5,4.5,3.5,4.5,5.0,5.5,5.5,4.25,1.0,4.0,7.0,5.0,5.08,4.5,3.5,5.0,5.5,5.0,6.0,7.0,5.5,4.5,4.5,6.0,4.0,,,,,,,,,,
Europe,Central & Eastern Europe,Montenegro,2021,6.0,5.0,4.5,5.5,6.0,3.0,4.5,3.5,5.5,7.5,5.5,4.5,7.0,7.5,7.0,7.5,6.0,4.46,3.5,4.0,5.5,5.0,4.5,3.5,5.0,5.0,4.0,4.0,5.0,4.5,,,,,,,,,,
Americas,Caribbean ,Trinidad and Tobago,2021,4.94,4.25,6.0,4.0,6.0,1.0,2.0,2.0,3.0,7.5,7.0,4.0,5.63,6.0,5.0,5.0,6.5,5.21,5.0,5.0,6.5,7.0,3.5,5.5,5.0,6.0,4.0,5.0,5.0,5.0,,,,,,,,,,
Europe,Central & Eastern Europe,Czech Republic,2021,4.63,4.75,5.0,5.0,4.5,3.0,5.5,3.0,4.5,4.5,6.0,6.5,4.5,3.0,5.0,5.5,4.5,6.25,6.0,5.5,7.0,6.5,6.5,7.0,7.0,6.0,6.0,5.5,6.0,6.0,,,,,,,,,,
Americas,Caribbean ,Barbados,2021,3.21,2.55,3.5,2.0,4.0,1.0,1.0,2.0,1.0,5.5,4.5,1.0,3.88,5.0,4.5,4.0,2.0,5.71,5.5,7.0,7.0,6.0,4.5,6.5,6.0,5.0,3.5,5.5,6.0,6.0,,,,,,,,,,
Asia,South-Eastern Asia,Laos,2021,5.51,5.65,6.5,6.5,4.5,8.0,8.0,1.5,7.0,2.5,4.0,8.0,5.38,1.5,6.0,6.0,8.0,3.42,3.0,2.5,3.5,4.0,3.0,4.0,2.5,3.5,4.0,4.0,3.5,3.5,,,,,,,,,,
Oceania,Micronesia,Palau,2021,2.94,3.0,4.0,3.0,1.5,1.0,6.5,1.5,1.5,3.0,3.0,5.0,2.88,1.0,4.0,2.0,4.5,4.54,6.5,5.5,6.0,5.5,3.0,5.0,4.0,4.5,4.0,2.0,4.0,4.5,,,,,,,,,,
Americas,Central America,El Salvador,2021,5.94,5.0,7.0,6.5,7.0,5.0,5.5,1.5,1.5,7.0,7.0,2.0,6.88,9.5,6.5,7.0,4.5,3.71,2.5,3.0,5.5,5.0,2.0,3.0,5.0,4.0,2.0,4.0,4.5,4.0,,,,,,,,,,
Oceania,Melanesia,Vanuatu,2021,2.2,2.4,2.5,1.5,1.5,3.0,5.5,1.5,1.5,2.0,3.0,2.0,2.0,1.0,1.0,2.5,3.5,5.33,5.0,6.0,6.0,6.5,7.0,6.5,5.0,4.0,3.5,5.0,3.5,6.0,,,,,,,,,,
Asia,South-Eastern Asia,Singapore,2021,3.13,3.25,5.5,2.5,2.0,2.0,5.0,1.5,4.0,3.0,2.0,5.0,3.0,3.0,3.5,1.5,4.0,7.71,7.5,7.5,9.0,8.5,9.0,9.0,8.0,7.0,8.0,7.0,9.0,3.0,,,,,,,,,,
Asia,Western Asia,Jordan,2021,4.71,4.55,6.5,5.5,6.5,3.5,3.5,1.5,3.5,3.0,6.0,6.0,4.88,1.5,7.0,6.5,4.5,5.92,7.0,5.0,8.0,6.5,4.5,7.0,6.0,6.5,4.0,4.5,6.5,5.5,,,,,,,,,,
Oceania,Australia and New Zealand,New Zealand,2021,3.25,3.25,3.5,3.5,3.0,2.0,3.5,1.5,3.0,3.0,4.0,5.5,3.25,4.5,3.5,1.5,3.5,8.38,8.5,8.5,8.5,8.5,8.0,8.5,8.5,8.0,8.5,8.5,8.0,8.5,,,,,,,,,,
Americas,Caribbean ,Antigua and Barbuda,2021,3.34,3.05,4.0,2.0,3.0,1.0,3.5,1.5,3.0,6.0,5.0,1.5,3.63,3.0,3.0,3.0,5.5,4.33,4.5,5.0,5.0,5.0,3.0,4.0,4.0,2.5,5.0,4.0,4.5,5.5,,,,,,,,,,
Europe,Central & Eastern Europe,Bosnia and Herzegovina,2021,5.89,5.15,5.5,7.0,6.0,4.5,4.0,3.0,6.0,4.5,5.5,5.5,6.63,4.0,6.5,8.0,8.0,3.92,3.0,4.0,5.0,4.0,3.5,3.5,4.0,4.0,3.5,4.0,4.0,4.5,,,,,,,,,,
Europe,Central & Eastern Europe,North Macedonia,2021,5.31,5.0,5.5,6.5,4.5,4.0,3.5,3.0,6.5,5.0,6.0,5.5,5.63,4.0,6.5,6.0,6.0,5.21,5.0,4.5,6.0,5.0,5.0,5.0,6.0,5.5,4.5,5.0,5.0,6.0,,,,,,,,,,
Europe,Central & Eastern Europe,Slovakia,2021,4.69,4.25,5.5,3.5,4.5,3.5,3.0,3.0,4.5,4.5,5.0,5.5,5.13,3.0,6.0,6.5,5.0,5.38,5.5,5.0,7.0,6.5,5.0,5.5,6.0,5.0,4.5,4.5,5.0,5.0,,,,,,,,,,
Europe,Central & Eastern Europe,Moldova,2021,4.45,3.9,7.5,4.0,5.0,2.5,2.0,3.0,3.0,2.5,4.5,5.0,5.0,4.0,4.0,7.0,5.0,3.71,3.5,3.5,4.5,5.0,3.0,3.5,2.0,3.5,4.0,5.0,3.0,4.0,,,,,,,,,,
Oceania,Micronesia,Marshall Islands,2021,2.31,2.5,4.5,2.0,1.5,1.0,6.5,1.0,1.5,2.0,2.5,2.5,2.13,1.0,2.0,2.0,3.5,5.04,5.5,4.5,5.0,6.0,6.5,4.0,5.5,4.0,6.0,3.5,4.0,6.0,,,,,,,,,,
Oceania,Micronesia,Micronesia (Federated States of),2021,3.3,2.85,5.0,3.0,1.5,1.0,6.5,1.0,1.0,3.0,3.5,3.0,3.75,1.0,5.5,3.0,5.5,5.33,6.5,5.0,5.5,5.5,5.5,6.0,6.0,4.0,4.0,4.5,5.5,6.0,,,,,,,,,,
Africa,Central Africa,Burundi,2021,4.51,4.4,8.5,5.5,8.0,2.0,4.5,4.0,3.0,2.5,3.5,2.5,4.63,1.0,4.5,9.0,4.0,2.08,2.5,1.0,1.5,2.5,2.5,1.5,3.0,2.0,2.0,1.5,2.5,2.5,,,,,,,,,,
Africa,Central Africa,Central African Republic,2021,7.04,5.7,7.5,4.5,8.5,6.5,8.0,9.0,1.5,1.5,3.0,7.0,8.38,9.0,8.0,8.5,8.0,1.92,1.5,1.5,3.0,2.5,2.0,1.5,1.5,2.0,1.5,3.0,1.0,2.0,,,,,,,,,,
Oceania,Polynesia,Tuvalu,2021,1.54,1.7,1.5,1.0,1.0,1.0,5.0,1.0,1.0,1.5,2.5,1.5,1.38,1.0,1.0,1.5,2.0,6.04,5.5,5.5,5.0,6.5,8.0,7.0,6.5,6.0,6.0,4.5,5.0,7.0,,,,,,,,,,
Asia,Southern Asia,Maldives,2021,4.06,3.5,6.0,5.5,2.0,1.0,5.0,1.0,6.0,3.5,3.0,2.0,4.63,5.0,5.0,4.0,4.5,3.88,5.0,5.0,5.0,5.0,3.0,4.0,3.0,3.5,3.0,2.0,3.0,5.0,,,,,,,,,,
Africa,East Africa,South Sudan,2021,6.34,5.3,8.5,5.5,8.0,7.5,7.0,8.0,2.0,1.5,4.0,1.0,7.38,4.5,8.0,9.0,8.0,1.83,2.0,1.0,2.0,3.0,2.0,2.0,1.5,1.5,2.5,1.0,1.5,2.0,,,,,,,,,,
Africa,East Africa,Somalia,2021,5.79,4.45,8.0,7.5,8.5,6.0,4.5,2.0,2.0,2.0,2.0,2.0,7.13,9.5,7.5,7.0,4.5,1.67,1.0,1.0,2.0,2.0,2.0,1.5,1.5,2.5,1.5,1.0,1.5,2.5,,,,,,,,,,
Americas,South America,Uruguay,2021,2.69,2.75,3.0,2.0,2.5,1.0,3.5,1.0,2.0,5.0,4.0,3.5,2.63,1.5,4.5,2.0,2.5,7.75,8.0,9.0,9.0,7.0,7.0,8.0,7.0,7.0,8.0,7.5,7.0,8.5,,,,,,,,,,
Africa,North Africa,Libya,2021,6.55,6.1,9.5,8.0,9.5,1.0,3.5,8.5,2.5,4.0,7.5,7.0,7.0,8.0,7.5,8.5,4.0,1.54,1.5,1.5,2.5,2.0,1.5,1.5,1.5,1.0,2.0,1.0,1.0,1.5,,,,,,,,,,
Americas,Caribbean ,Jamaica,2021,5.91,4.2,5.0,3.0,8.5,1.5,2.0,1.0,3.0,6.0,9.0,3.0,7.63,8.0,7.5,8.0,7.0,5.46,5.0,5.5,6.5,5.5,4.0,6.0,6.5,4.5,4.5,5.0,6.0,6.5,,,,,,,,,,
Americas,Caribbean ,St. Vincent and the Grenadines,2021,3.3,2.85,2.5,1.0,4.0,1.0,2.0,1.0,1.0,7.5,7.5,1.0,3.75,2.0,5.0,2.0,6.0,5.46,6.0,6.0,6.0,6.5,6.0,4.5,6.0,5.5,4.0,3.0,6.0,6.0,,,,,,,,,,
Europe,Central & Eastern Europe,Slovenia,2021,4.29,3.95,4.0,5.5,3.5,2.0,3.0,2.5,4.0,4.5,5.0,5.5,4.63,3.0,4.5,6.0,5.0,6.08,6.0,5.0,6.5,6.5,6.0,6.0,7.5,6.5,5.0,6.0,6.0,6.0,,,,,,,,,,
Americas,Caribbean ,St. Lucia,2021,4.09,3.05,4.0,1.5,5.0,2.0,1.0,1.0,1.0,7.0,7.0,1.0,5.13,5.0,4.0,5.5,6.0,5.63,7.5,6.5,6.5,6.5,6.0,4.5,5.5,4.0,5.5,5.0,6.0,4.0,,,,,,,,,,
Americas,Caribbean ,Dominica,2021,2.63,2.75,2.5,2.5,5.0,1.0,1.0,1.0,1.0,6.0,5.0,2.5,2.5,1.0,5.0,1.5,2.5,5.08,3.5,4.0,6.0,5.0,5.0,5.5,6.0,5.0,5.0,5.0,6.0,5.0,,,,,,,,,,
Asia,Southern Asia,Afghanistan,2023,,,9.0,9.5,9.0,5.5,3.5,6.5,9.5,1.0,7.5,9.0,,5.0,8.0,9.0,6.0,,1.5,1.0,1.0,1.5,1.5,1.5,3.5,1.0,1.5,1.5,1.5,1.0,7.1,7.0,4.0,7.5,8.5,9.0,6.0,7.2,8.0,1.5
Africa,North Africa,Libya,2023,,,8.5,9.5,9.0,1.0,3.5,9.5,2.5,5.5,7.0,7.5,,9.0,7.5,9.5,5.5,,1.5,1.5,2.5,2.0,1.5,1.5,1.5,1.0,2.0,1.0,1.0,1.5,6.93,6.57,3.5,9.5,6.0,7.0,9.0,7.3,5.0,1.54
Asia,South-Eastern Asia,Myanmar,2023,,,8.5,8.0,9.0,8.5,8.5,9.0,9.5,3.5,4.5,10.0,,9.5,8.0,9.0,9.0,,1.5,1.5,2.0,2.0,1.5,1.5,2.0,2.0,1.5,1.0,1.5,1.5,8.15,7.7,7.5,8.5,6.0,7.0,7.5,8.6,7.5,1.63
Asia,Western Asia,Yemen,2023,,,9.0,9.0,9.5,2.5,4.0,7.5,2.5,2.0,4.0,4.5,,7.0,8.0,8.0,8.5,,1.5,1.5,3.0,2.0,1.5,2.0,1.5,2.0,2.0,1.0,1.0,2.0,6.57,5.63,1.5,8.0,6.5,6.0,8.0,7.5,6.0,1.75
Africa,Central Africa,Central African Republic,2023,,,7.5,5.5,9.0,7.0,8.0,10.0,1.5,1.5,3.5,7.0,,8.0,8.0,9.0,9.0,,1.5,1.5,3.0,2.0,2.0,1.5,1.5,2.0,1.5,2.5,1.0,1.5,6.75,5.6,2.0,3.5,7.0,4.5,6.5,7.9,5.5,1.79
Africa,East Africa,Somalia,2023,,,8.0,7.5,9.0,7.0,5.5,3.0,2.5,2.0,2.0,2.5,,9.5,7.5,7.0,5.5,,1.5,1.0,2.5,2.5,2.0,1.5,1.5,2.0,1.5,1.0,1.5,3.0,6.13,5.27,2.5,7.0,6.0,5.0,9.5,7.0,5.5,1.79
Asia,Eastern Asia,"Korea, DPR",2023,,,8.5,6.5,9.0,3.0,3.0,7.5,4.0,1.5,5.0,8.0,,1.0,3.0,10.0,4.5,,3.0,1.0,2.0,2.0,1.0,1.5,6.0,1.0,1.0,1.0,1.0,1.0,4.82,5.73,9.0,8.0,7.5,4.0,1.5,3.9,1.0,1.79
Americas,South America,Venezuela,2023,,,7.5,7.5,8.0,3.5,3.0,9.0,2.0,9.0,7.0,3.0,,9.5,5.0,9.0,7.5,,2.0,1.5,1.5,2.0,1.5,1.5,3.0,2.0,2.0,1.5,2.0,2.0,6.72,6.03,3.5,8.0,5.5,6.5,7.5,7.4,6.0,1.88
Africa,East Africa,South Sudan,2023,,,8.5,5.5,8.0,7.0,6.5,8.5,2.0,1.5,4.0,1.0,,5.0,7.5,9.0,8.0,,2.0,1.5,2.0,3.0,2.0,2.0,1.5,1.5,2.5,1.0,1.5,2.0,6.32,5.13,1.0,7.5,6.0,5.0,5.0,7.5,8.0,1.88
Asia,Western Asia,Syria,2023,,,8.5,9.0,9.0,1.5,3.5,8.5,3.0,2.5,7.5,10.0,,4.5,9.0,10.0,8.0,,2.0,1.0,3.5,2.0,1.5,2.0,1.5,2.0,2.0,2.0,2.0,1.5,7.07,6.43,4.5,8.0,6.5,6.5,8.0,7.7,7.0,1.92
Americas,Caribbean & Central,Nicaragua,2023,,,7.0,6.0,6.0,6.0,6.0,6.5,2.5,8.0,6.0,3.5,,5.0,6.5,9.0,6.5,,1.5,1.0,2.0,3.0,2.0,2.5,2.5,2.5,2.0,2.0,3.0,1.0,5.72,5.23,3.5,4.0,6.0,5.5,2.0,6.2,4.0,2.08
Africa,Central Africa,Burundi,2023,,,8.5,6.5,8.0,2.0,4.0,4.0,3.0,2.5,3.5,3.0,,2.0,4.5,9.0,4.0,,3.0,1.0,2.5,3.0,2.0,1.5,3.0,1.5,2.0,1.5,2.5,2.5,4.87,4.63,2.0,6.5,5.5,6.0,4.5,5.1,6.0,2.17
Asia,Central Asia and the Caucasus,Turkmenistan,2023,,,8.5,5.5,2.0,2.5,2.5,7.0,6.5,1.5,4.0,4.0,,2.5,5.0,8.5,3.5,,2.0,1.5,1.5,2.5,1.5,2.0,4.5,3.5,2.0,2.0,2.0,1.5,4.4,4.4,2.5,5.5,4.0,5.0,5.0,4.4,2.5,2.21
Africa,Central Africa,Equatorial Guinea,2023,,,4.5,2.0,5.5,8.0,5.0,6.0,2.0,2.0,3.5,1.5,,1.0,2.0,9.0,5.5,,1.5,1.0,2.0,5.5,2.5,2.0,3.5,2.0,1.5,1.5,2.0,1.5,4.38,3.57,1.5,6.0,2.0,2.0,2.0,5.2,8.5,2.21
Africa,East Africa,Eritrea,2023,,,9.0,9.5,7.5,1.5,3.0,2.0,3.0,1.5,4.0,1.5,,1.0,5.5,9.5,2.5,,1.0,1.0,2.0,2.5,2.0,3.0,7.0,3.0,2.5,1.0,2.0,1.0,3.97,3.93,1.5,4.0,3.0,7.0,1.0,4.0,1.5,2.33
Africa,Central Africa,"Congo, Dem, Rep,",2023,,,7.5,5.5,9.0,9.0,8.0,9.5,4.0,4.0,7.0,2.5,,9.0,9.0,9.0,9.0,,1.0,1.5,4.0,3.0,2.5,1.5,2.0,2.5,1.5,2.0,2.0,5.0,7.35,6.2,2.5,7.0,6.0,4.0,7.5,8.5,6.5,2.38
Africa,West Africa,Mali,2023,,,7.5,7.0,8.0,5.0,5.0,8.0,3.0,6.0,7.0,7.0,,4.0,7.0,8.0,4.0,,2.5,2.5,4.0,2.5,2.5,2.0,1.5,2.5,2.0,1.5,2.0,3.0,5.93,6.47,5.0,7.0,6.5,7.0,8.0,5.4,4.0,2.38
Africa,Southern Africa,Comoros,2023,,,5.0,6.5,3.5,3.0,6.0,2.0,4.5,2.0,3.5,4.5,,1.0,4.5,7.0,5.0,,2.0,2.0,3.0,2.5,2.0,2.0,3.0,4.0,3.0,1.5,1.5,2.0,3.92,3.73,1.5,5.0,3.5,4.0,1.5,4.1,3.0,2.38
Africa,Central Africa,Chad,2023,,,7.0,7.5,8.5,1.5,3.5,8.0,2.0,4.5,6.0,7.5,,5.0,6.5,8.5,5.0,,3.0,2.0,5.0,3.0,2.0,2.5,3.0,2.0,2.0,1.0,1.0,2.5,5.5,5.1,3.0,3.0,5.0,4.5,5.0,5.9,4.5,2.42
Americas,Caribbean & Central,Haiti,2023,,,7.5,7.0,7.0,6.5,4.5,6.5,2.0,8.0,6.5,3.5,,8.5,6.5,8.0,4.5,,2.0,1.5,3.0,4.0,2.5,2.0,2.0,2.5,2.0,1.5,2.5,4.0,5.93,5.77,3.0,7.5,5.0,5.0,7.0,6.1,3.0,2.46
Asia,Central Asia and the Caucasus,Tajikistan,2023,,,7.0,6.5,4.0,2.5,3.5,7.0,8.5,2.0,6.0,5.5,,6.0,5.5,9.0,5.0,,3.0,2.0,3.0,2.0,2.0,3.0,3.0,3.0,3.0,2.0,3.0,2.0,5.45,4.8,2.0,6.0,5.5,3.0,3.0,6.1,5.0,2.58
Africa,West Africa,Guinea-Bissau,2023,,,5.5,2.5,5.5,8.5,6.5,1.0,5.0,8.5,5.0,2.0,,1.0,8.0,8.5,6.5,,2.0,2.5,3.5,3.0,3.0,3.0,3.5,3.0,1.5,1.0,2.0,3.0,5.1,4.6,2.0,6.0,3.0,4.0,4.0,5.6,4.0,2.58
Africa,East Africa,Sudan,2023,,,8.0,8.0,9.0,2.5,5.5,8.5,2.5,2.5,7.5,5.0,,6.5,7.5,8.5,8.0,,2.0,2.0,5.5,4.5,3.0,2.5,2.5,3.5,2.0,1.0,2.0,2.0,6.37,5.23,2.5,7.0,3.0,2.5,4.5,7.5,7.0,2.71
Americas,South America,Suriname,2023,,,4.0,5.0,5.5,4.5,4.0,8.5,1.5,8.5,2.0,3.0,,3.0,5.0,7.5,5.5,,3.0,2.0,4.5,3.5,3.0,3.0,2.0,2.0,2.0,3.0,5.0,3.5,4.77,4.53,5.0,4.5,5.0,4.0,3.0,5.0,4.0,3.04
Asia,Western Asia,Iran,2023,,,8.0,8.5,9.0,4.5,4.0,9.5,9.0,5.5,6.0,9.5,,5.0,7.5,9.5,6.0,,2.5,2.0,4.0,4.0,3.0,3.0,5.0,2.5,2.5,3.5,3.0,2.5,7.03,7.37,8.0,9.0,7.5,8.0,4.5,6.7,5.5,3.13
Africa,Southern Africa,Zimbabwe,2023,,,5.5,3.5,4.5,4.5,7.0,8.5,4.0,3.5,6.0,5.5,,3.5,7.5,8.0,6.0,,2.0,3.0,3.5,3.5,2.5,3.0,4.5,4.0,3.0,2.0,3.5,3.0,5.47,5.03,4.5,5.5,4.0,6.5,2.5,5.9,4.5,3.13
Africa,West Africa,Guinea,2023,,,7.0,4.0,5.5,5.0,6.5,7.0,2.5,7.0,4.5,4.5,,1.0,6.0,7.5,6.5,,2.5,3.5,3.5,4.0,3.5,3.5,3.5,3.0,3.0,2.0,2.0,3.5,4.58,4.77,2.0,5.5,5.0,4.5,1.0,4.4,1.0,3.13
Africa,North Africa,Mauritania,2023,,,7.5,6.5,3.5,1.0,4.0,3.5,1.5,4.5,7.0,3.0,,1.5,5.0,6.5,6.0,,4.0,3.5,3.5,3.5,2.5,2.5,4.0,4.5,3.0,1.5,2.0,3.0,4.38,4.27,1.5,6.0,6.0,6.0,2.5,4.5,3.5,3.13
Africa,Central Africa,Cameroon,2023,,,6.5,5.5,7.5,7.5,7.5,7.5,4.5,3.5,7.0,7.0,,4.5,7.5,8.0,7.0,,2.0,1.5,5.5,4.5,2.5,4.0,2.0,3.5,2.5,2.5,2.5,5.0,6.27,6.23,5.0,6.0,7.5,5.0,6.0,6.3,4.5,3.17
Asia,Western Asia,Iraq,2023,,,7.5,8.5,9.0,1.5,4.0,9.0,6.0,5.0,5.5,7.0,,6.5,8.5,8.5,9.0,,3.5,2.5,4.0,3.5,3.5,3.5,2.5,4.0,3.0,2.5,3.0,3.0,7.13,6.27,2.0,9.0,6.5,6.5,7.0,8.0,7.5,3.21
Americas,Caribbean & Central,El Salvador,2023,,,7.0,7.0,7.0,5.0,5.5,1.5,1.5,7.5,7.0,2.5,,8.5,7.0,7.5,4.5,,2.0,2.0,4.5,4.0,2.0,3.0,5.5,3.5,2.0,3.5,4.0,2.5,5.92,5.43,5.5,6.5,5.0,5.5,7.5,6.4,4.5,3.21
Europe,Central & Eastern Europe,Belarus,2023,,,7.0,7.5,7.5,3.5,2.5,5.0,4.0,2.5,4.0,5.0,,4.0,5.0,9.0,6.5,,3.0,2.0,3.0,4.0,2.0,3.0,4.0,4.5,4.0,3.0,4.5,2.0,5.87,5.33,7.0,8.0,6.5,6.0,4.0,6.4,7.5,3.25
Africa,West Africa,Liberia,2023,,,6.0,3.0,5.0,6.0,6.0,7.0,5.0,6.5,6.0,3.5,,3.0,6.5,6.5,6.0,,3.5,3.0,3.5,4.0,3.5,4.0,3.5,3.5,3.0,1.5,2.0,4.0,5.5,5.4,4.5,7.5,6.5,4.5,4.0,5.6,6.0,3.25
Africa,Central Africa,Gabon,2023,,,5.5,5.5,4.5,8.5,7.0,3.0,2.5,3.0,4.0,5.0,,1.0,5.0,8.0,6.0,,2.0,2.0,5.0,4.0,3.0,4.5,4.5,2.0,2.5,3.0,3.5,3.0,4.85,4.6,2.5,7.0,7.0,3.0,1.0,5.1,5.5,3.25
Africa,Central Africa,"Congo, Rep,",2023,,,6.5,4.5,5.0,8.0,7.0,4.0,2.0,6.0,4.0,2.0,,3.0,6.5,8.0,5.0,,3.0,2.0,5.0,5.0,2.0,4.5,3.0,3.0,3.0,2.0,4.0,2.5,4.78,4.47,2.5,4.0,5.5,3.0,3.0,5.1,3.0,3.25
Africa,Southern Africa,Mozambique,2023,,,4.5,5.5,6.5,8.0,8.0,8.0,8.0,6.0,4.0,7.0,,5.0,8.0,9.0,7.5,,3.0,3.5,5.5,5.5,2.0,2.0,3.0,3.0,4.0,3.0,2.0,3.0,6.2,5.9,3.0,6.5,4.0,4.5,5.0,6.5,3.0,3.29
Oceania,Melanesia,Papua New Guinea,2023,,,7.0,4.0,6.5,8.5,5.0,7.0,1.0,4.0,6.5,5.0,,1.0,8.0,8.5,6.5,,2.5,2.0,4.5,5.5,4.5,3.0,3.0,3.0,3.0,3.5,2.5,2.5,5.72,5.33,4.0,9.0,5.5,5.0,2.0,6.1,6.5,3.29
Americas,Caribbean & Central,Belize,2023,,,5.5,6.0,5.0,5.5,5.5,3.5,3.5,5.0,5.5,3.0,,6.5,3.5,5.5,5.5,,6.0,2.5,4.0,3.5,4.0,4.0,2.0,2.0,1.5,3.0,3.0,4.0,4.87,4.43,3.5,4.0,3.5,4.0,3.5,5.3,5.5,3.29
Africa,Southern Africa,eSwatini,2023,,,4.0,4.5,4.0,2.5,2.0,3.0,3.0,3.0,5.5,3.0,,2.0,5.5,6.0,5.0,,3.0,2.5,5.0,3.0,3.0,3.0,4.0,5.0,2.0,2.5,4.0,2.5,4.38,3.87,5.0,5.5,4.0,4.5,4.5,4.9,6.0,3.29
Africa,Southern Africa,Madagascar,2023,,,6.0,3.0,6.0,8.0,7.5,8.0,7.0,3.0,6.5,2.5,,4.5,5.0,8.0,6.5,,4.0,2.0,3.0,3.5,2.5,4.0,5.5,4.5,2.0,2.5,4.0,2.5,5.58,5.27,2.0,6.0,4.0,4.0,5.5,5.9,5.5,3.33
Asia,Western Asia,Turkey,2023,,,8.0,9.0,8.5,4.0,3.0,8.5,8.5,5.5,6.5,7.0,,8.5,8.0,9.0,6.0,,4.0,2.0,3.5,4.5,2.0,3.0,5.5,2.0,4.0,4.0,3.0,3.0,7.03,6.77,5.0,8.0,7.0,7.0,6.0,7.3,5.0,3.38
Americas,South America,Paraguay,2023,,,7.5,6.0,9.0,6.5,6.5,4.0,1.0,8.5,9.0,4.5,,8.0,8.0,9.0,9.0,,2.0,3.0,7.0,3.5,2.5,2.0,4.5,2.5,4.0,2.0,3.0,5.0,7.52,6.73,7.5,7.5,9.0,7.5,7.0,8.3,7.5,3.42
Asia,Southern Asia,Sri Lanka,2023,,,6.5,6.5,6.0,3.5,5.5,3.0,6.5,2.5,6.0,6.0,,5.5,6.0,7.0,3.5,,2.5,3.0,5.5,5.5,3.0,3.0,4.0,5.0,2.0,3.0,2.0,2.5,4.92,4.83,3.0,4.0,2.5,3.5,7.5,5.0,3.0,3.42
Asia,Western Asia,Lebanon,2023,,,7.5,8.0,8.5,1.5,3.5,6.5,4.0,6.0,9.0,8.5,,6.0,7.5,9.5,8.5,,2.5,3.0,5.5,4.0,3.5,3.0,3.0,2.5,1.5,4.0,3.5,5.5,7.1,6.3,4.0,9.0,6.5,6.5,5.5,7.9,8.0,3.46
Asia,South-Eastern Asia,Laos,2023,,,7.0,6.5,5.5,8.0,8.5,3.5,7.5,2.5,4.5,8.5,,1.5,6.5,6.5,8.0,,3.5,2.5,4.0,4.0,3.0,4.0,2.5,3.5,4.0,4.0,3.5,3.0,6.12,6.33,5.5,8.0,7.5,7.0,5.0,5.9,7.0,3.46
Africa,West Africa,Burkina Faso,2023,,,7.0,4.5,8.0,5.5,6.5,8.5,4.0,4.0,4.0,5.5,,4.0,7.0,7.0,6.0,,2.5,3.5,5.0,5.5,4.0,3.0,2.0,4.0,3.0,2.5,2.0,4.5,5.92,5.83,5.5,5.5,6.0,6.5,6.5,6.0,6.0,3.46
Africa,West Africa,Niger,2023,,,7.5,8.0,8.0,2.0,5.0,7.5,3.0,6.5,7.0,7.5,,4.0,7.5,8.5,5.5,,4.0,2.5,5.5,4.5,2.5,4.0,3.5,4.0,3.5,2.5,2.5,2.5,5.7,5.7,1.0,6.5,7.0,5.0,4.0,5.7,3.0,3.46
Africa,West Africa,Benin,2023,,,6.5,4.0,6.0,6.0,5.0,5.0,4.5,7.0,5.0,6.0,,2.0,5.5,6.0,8.0,,3.5,4.0,4.5,3.0,3.0,4.0,3.0,4.0,4.0,3.0,2.0,4.0,5.32,5.43,4.5,6.0,7.0,5.0,4.0,5.2,4.5,3.5
Asia,South-Eastern Asia,Cambodia,2023,,,8.5,7.0,5.5,8.0,8.5,8.0,4.5,2.5,4.5,8.0,,4.5,7.0,8.5,8.0,,4.0,3.5,5.0,4.0,4.0,3.5,4.0,4.0,4.0,2.5,3.0,2.0,6.85,6.7,7.5,8.0,8.0,5.5,6.5,7.0,7.0,3.63
Europe,Central & Eastern Europe,Russia,2023,,,7.5,6.5,8.5,7.5,7.5,7.5,6.0,3.5,5.0,8.5,,6.0,7.0,8.5,5.0,,4.0,3.0,3.0,6.0,4.0,4.5,5.0,3.5,4.0,2.5,3.5,2.5,6.87,6.83,9.0,8.5,4.5,6.5,6.0,6.9,8.0,3.79
Asia,Central Asia and the Caucasus,Kyrgyzstan,2023,,,7.0,5.5,3.5,2.5,3.5,6.5,7.5,2.0,6.0,5.0,,6.5,6.0,8.5,4.5,,3.0,2.5,4.5,4.0,3.0,3.0,4.0,3.0,5.0,4.0,5.0,5.0,5.32,4.63,2.0,6.0,5.0,4.0,3.5,6.0,4.5,3.83
Africa,North Africa,Egypt,2023,,,6.0,6.0,7.0,1.0,5.5,4.0,5.5,2.5,7.5,8.0,,3.0,5.5,8.5,5.0,,3.5,2.5,5.0,4.5,3.0,5.0,6.0,5.0,4.0,2.5,2.5,2.5,5.05,5.1,2.5,8.0,6.0,3.5,3.5,5.0,3.0,3.83
Asia,South-Eastern Asia,Timor-Leste,2023,,,4.5,5.0,4.0,3.0,5.0,2.0,2.5,2.5,3.5,4.0,,5.0,4.0,4.5,5.0,,3.5,3.5,4.0,4.0,3.5,4.0,3.0,4.0,3.5,3.5,4.5,5.0,4.08,3.67,2.0,5.5,2.5,5.0,4.0,4.5,4.0,3.83
Africa,East Africa,Uganda,2023,,,7.5,6.5,7.0,7.0,7.0,8.0,6.0,4.5,6.5,4.0,,5.5,6.5,8.0,7.0,,4.5,2.0,5.0,5.0,4.0,4.0,5.5,3.0,3.5,2.0,4.0,4.0,6.55,6.4,6.0,7.5,7.5,6.0,5.0,6.7,6.5,3.88
Europe,Central & Eastern Europe,Bosnia and Herzegovina,2023,,,5.5,6.5,6.0,4.5,3.5,4.0,6.5,5.5,6.0,6.0,,4.0,6.0,8.0,8.0,,4.0,3.5,6.0,4.0,2.0,3.5,4.0,3.5,3.5,4.0,4.5,4.0,5.85,5.3,4.5,6.0,4.5,5.5,5.0,6.4,6.0,3.88
Asia,Central Asia and the Caucasus,Uzbekistan,2023,,,7.5,6.0,3.0,3.0,3.5,7.0,6.5,1.5,4.5,4.5,,5.0,5.5,6.5,5.0,,3.5,3.0,4.0,4.0,3.0,3.5,4.5,3.5,5.0,4.0,5.5,3.0,4.95,4.6,3.0,6.0,4.0,5.0,4.0,5.3,4.5,3.88
Europe,Central & Eastern Europe,Moldova,2023,,,7.5,4.5,7.5,3.0,2.0,4.0,3.5,2.5,5.0,5.0,,5.0,5.0,8.0,5.0,,4.0,4.0,5.0,5.0,3.0,4.0,3.5,3.5,4.0,4.0,3.0,4.0,5.6,5.2,7.5,8.0,5.0,7.5,5.5,6.0,7.0,3.92
Africa,Southern Africa,Lesotho,2023,,,4.0,3.5,4.0,1.0,3.0,6.0,3.5,5.0,5.5,3.5,,3.0,5.5,6.0,5.0,,4.0,3.5,7.0,5.0,3.0,3.0,3.0,4.0,4.0,3.5,3.5,3.5,3.92,3.43,1.0,5.0,1.0,3.5,2.0,4.4,2.5,3.92
Asia,Southern Asia,Pakistan,2023,,,8.0,7.5,8.5,4.5,5.5,5.5,8.5,3.0,7.0,7.0,,6.0,7.0,7.5,4.0,,3.5,3.5,5.0,5.0,3.0,4.5,4.0,4.0,3.5,3.5,4.0,4.0,6.03,6.27,5.0,7.0,4.5,6.0,6.5,5.8,4.5,3.96
Asia,Central Asia and the Caucasus,Azerbaijan,2023,,,4.5,3.0,3.0,3.0,3.5,5.0,6.5,1.5,5.5,5.0,,5.5,5.5,7.5,6.0,,3.5,3.0,5.0,4.0,2.5,4.5,4.0,4.0,4.5,4.0,5.0,3.5,4.8,4.1,3.0,5.0,5.0,4.0,4.0,5.5,3.0,3.96
Asia,Southern Asia,Nepal,2023,,,8.0,7.5,6.0,7.0,7.0,7.5,4.5,4.0,6.0,4.5,,5.5,7.5,7.5,7.5,,3.5,2.5,5.5,4.5,3.0,4.5,4.5,3.5,4.0,4.5,4.0,4.0,6.57,6.03,3.0,7.0,7.5,4.5,6.5,7.1,7.5,4.0
Asia,Western Asia,Saudi Arabia,2023,,,8.0,7.5,8.0,5.0,7.5,7.5,6.5,5.5,6.5,9.0,,3.0,6.5,8.5,3.5,,3.5,2.5,5.0,4.0,3.0,4.0,5.0,5.5,5.0,4.0,4.5,2.0,6.23,6.57,7.5,8.0,6.0,4.0,2.0,5.9,8.0,4.0
Americas,South America,Guyana,2023,,,5.5,4.5,6.0,4.5,3.5,9.0,3.0,8.5,3.5,3.5,,6.0,5.0,8.0,7.0,,4.0,3.0,5.0,3.5,4.0,3.0,4.0,4.0,4.5,5.0,4.5,4.0,5.97,5.13,2.0,8.5,4.0,4.0,7.0,6.8,8.0,4.04
Africa,West Africa,Sierra Leone,2023,,,5.0,4.0,3.5,7.0,6.5,7.0,2.5,5.5,7.0,6.0,,2.5,6.0,6.5,7.5,,4.5,4.0,5.0,3.5,3.0,4.0,4.5,4.5,3.5,3.0,4.0,5.0,4.95,4.6,1.5,4.0,4.0,3.5,2.0,5.3,4.0,4.04
Americas,Caribbean & Central,Honduras,2023,,,7.0,6.5,6.5,7.0,6.5,5.0,2.0,8.5,7.5,3.5,,8.5,7.5,8.5,8.0,,3.0,3.5,6.5,4.0,3.5,5.0,4.5,4.0,3.5,3.0,4.5,4.0,7.05,6.0,6.5,7.5,3.5,4.0,8.5,8.1,8.0,4.08
Americas,Caribbean & Central,Guatemala,2023,,,7.0,7.5,7.0,4.5,4.5,3.0,7.5,8.5,6.0,6.0,,7.5,6.0,8.0,8.0,,3.0,3.5,5.5,4.5,3.5,5.0,3.5,4.5,4.0,4.0,4.0,4.0,6.6,6.1,5.0,6.5,5.5,5.0,8.0,7.1,6.0,4.08
Asia,Southern Asia,Maldives,2023,,,7.0,6.5,2.0,2.0,5.0,2.0,6.5,3.5,4.0,2.0,,6.5,6.0,5.0,4.5,,5.5,6.0,5.5,5.5,3.0,4.0,3.0,3.5,3.0,2.0,3.0,5.0,4.27,3.53,3.5,3.5,1.0,2.0,2.5,5.0,3.0,4.08
Africa,East Africa,Tanzania,2023,,,6.5,7.0,6.0,7.0,8.0,6.5,8.0,6.0,7.0,5.5,,3.5,7.0,6.5,6.5,,5.5,2.5,4.5,5.5,5.0,3.5,4.5,5.0,5.0,3.0,3.0,2.5,6.2,6.4,5.0,5.5,7.0,7.0,4.0,6.0,6.5,4.13
Americas,Caribbean & Central,Mexico,2023,,,8.0,9.0,8.5,7.5,7.0,7.5,8.0,9.0,8.0,9.0,,9.0,9.0,7.5,3.5,,3.0,3.0,6.5,5.5,4.0,5.0,3.0,4.0,5.0,3.5,4.0,4.0,7.57,8.13,7.5,8.5,8.5,7.0,9.0,7.0,6.0,4.21
Asia,South-Eastern Asia,Philippines,2023,,,7.5,5.5,7.5,7.0,7.5,8.0,4.0,4.0,4.5,9.0,,8.0,6.5,8.0,7.5,,3.0,2.5,5.5,5.0,4.5,2.0,4.0,5.0,6.0,5.0,3.5,4.5,6.63,6.57,7.5,8.0,7.0,6.0,5.5,6.7,3.5,4.21
Asia,South-Eastern Asia,Indonesia,2023,,,7.5,6.5,4.5,8.0,8.0,8.0,3.5,4.0,6.5,7.0,,6.0,7.5,8.0,6.0,,4.0,3.5,6.0,5.0,3.5,3.5,4.0,5.0,4.5,4.5,4.0,3.5,6.85,6.6,7.5,8.0,7.5,6.5,6.0,7.1,8.0,4.25
Oceania,Melanesia,Kiribati,2023,,,5.0,1.5,2.0,1.0,6.0,2.0,1.0,3.0,3.0,1.0,,1.0,4.0,1.5,3.0,,5.5,5.5,5.0,6.0,4.0,5.0,4.5,4.0,3.0,1.0,3.0,5.5,2.45,2.6,2.0,4.0,2.0,3.0,2.5,2.3,2.0,4.33
Americas,South America,Peru,2023,,,7.0,6.5,6.5,7.0,6.0,9.0,5.5,9.0,6.0,4.5,,7.0,8.5,7.5,6.0,,2.5,5.5,5.0,6.0,6.5,3.5,5.0,4.0,4.0,3.5,3.0,4.0,6.4,6.2,5.0,5.5,9.0,2.0,4.5,6.6,4.0,4.38
Africa,North Africa,Algeria,2023,,,4.0,7.0,4.5,2.0,5.5,7.0,2.5,4.0,7.0,6.5,,1.5,5.0,7.5,5.0,,4.5,3.0,5.0,6.0,3.0,6.0,6.5,5.0,4.5,3.0,3.5,2.5,4.88,5.17,4.0,8.0,6.0,6.5,3.0,4.6,4.0,4.38
Africa,East Africa,Djibouti,2023,,,6.5,7.5,7.5,2.0,5.0,3.0,2.5,2.0,3.5,1.5,,1.5,5.0,5.5,7.0,,4.0,3.0,6.5,4.5,4.0,4.0,5.5,5.0,5.5,3.0,4.0,3.5,4.65,4.3,1.5,6.5,5.5,6.5,3.5,5.0,6.0,4.38
Asia,Southern Asia,Bangladesh,2023,,,8.0,6.5,5.0,5.0,5.5,3.5,4.5,3.0,4.0,6.5,,6.0,6.0,7.0,4.0,,4.0,4.0,6.0,5.0,3.0,4.0,5.0,5.5,5.0,3.5,4.0,4.0,5.12,5.03,5.0,4.5,4.5,3.5,6.5,5.2,3.0,4.42
Europe,Southern Europe,Cyprus,2023,,,5.5,6.5,2.5,2.5,3.0,2.0,2.5,5.0,4.5,3.0,,3.5,5.0,4.0,7.0,,4.5,4.5,7.0,6.0,4.5,5.5,2.5,3.5,3.5,4.5,4.0,3.5,4.43,3.97,4.0,5.0,5.5,5.0,3.0,4.9,5.0,4.46
Africa,Central Africa,Angola,2023,,,6.5,5.0,6.0,7.5,5.5,8.0,3.0,6.5,4.5,2.5,,3.5,6.0,8.0,5.0,,5.0,5.0,5.0,5.0,3.5,4.5,5.5,5.0,4.5,4.0,4.0,3.0,5.58,5.17,5.0,5.0,4.5,6.0,2.0,6.0,7.5,4.5
Africa,West Africa,Togo,2023,,,5.5,3.5,4.0,4.0,5.5,6.5,2.5,5.5,7.0,5.0,,1.0,7.0,7.5,7.0,,3.5,4.0,6.0,5.5,4.0,5.0,3.5,3.5,4.5,5.0,5.0,4.5,5.23,4.77,5.0,3.5,7.0,5.5,1.5,5.7,6.0,4.5
Africa,North Africa,Tunisia,2023,,,4.0,8.0,3.0,3.5,5.0,5.5,3.5,4.0,7.0,6.0,,1.5,4.5,6.5,2.5,,4.5,4.0,5.0,6.0,3.5,4.5,6.0,5.5,3.5,4.5,3.0,4.0,4.45,5.0,4.0,8.0,6.0,5.5,2.0,3.9,4.5,4.5
Europe,Central & Eastern Europe,Ukraine,2023,,,7.5,8.0,9.0,7.0,4.5,7.5,4.0,1.5,6.5,8.0,,5.5,7.5,8.0,7.0,,5.0,3.5,7.5,4.5,4.5,5.0,1.5,4.5,5.0,4.0,4.0,5.5,6.48,6.27,8.5,6.5,5.5,5.0,5.0,6.7,5.5,4.54
Africa,Southern Africa,Zambia,2023,,,5.0,3.0,3.5,7.5,5.0,5.5,4.5,3.5,5.0,3.5,,3.0,5.0,6.5,7.5,,4.5,3.5,5.5,6.5,5.0,4.0,3.5,5.5,5.5,3.0,3.0,5.0,4.73,4.47,4.0,5.0,4.5,5.0,2.5,5.0,3.0,4.54
Asia,Central Asia and the Caucasus,Kazakhstan,2023,,,6.0,4.5,3.0,2.0,5.0,5.5,6.5,2.5,5.0,6.0,,4.0,4.5,6.5,4.0,,5.0,4.0,5.5,5.5,5.0,4.0,5.0,4.0,5.0,4.0,4.0,3.5,4.47,4.33,2.5,5.0,4.0,4.0,3.5,4.6,4.0,4.54
Africa,Southern Africa,Namibia,2023,,,3.5,2.5,3.0,6.5,5.5,4.5,3.0,4.5,3.5,4.5,,2.5,5.5,5.0,6.0,,4.5,4.0,7.0,6.0,4.0,3.5,3.5,4.0,4.0,4.0,4.0,6.0,4.3,4.1,5.0,4.5,4.5,3.5,3.0,4.5,3.5,4.54
Africa,Southern Africa,Malawi,2023,,,5.0,4.5,4.5,5.0,6.5,4.5,4.0,3.5,6.5,3.0,,2.0,4.5,4.0,5.5,,5.5,5.0,5.5,5.5,5.0,3.5,3.0,6.0,4.0,2.5,4.0,5.5,4.48,4.77,2.5,7.0,7.0,6.0,2.0,4.2,5.0,4.58
Americas,Caribbean & Central,Antigua and Barbuda,2023,,,4.0,2.0,3.5,1.0,3.5,1.5,3.0,6.0,5.5,1.5,,3.0,3.5,3.0,5.5,,4.5,5.0,5.5,5.0,3.0,4.5,4.5,3.5,5.0,4.0,5.0,5.5,2.98,2.67,1.5,2.5,1.5,1.0,2.0,3.3,1.5,4.58
Asia,South-Eastern Asia,Brunei,2023,,,5.0,4.0,2.5,3.0,4.0,2.0,2.5,1.5,3.5,4.5,,1.0,2.0,3.0,4.0,,4.0,4.0,4.5,4.5,4.0,5.5,5.5,5.5,6.0,3.0,5.0,3.5,2.85,3.3,4.0,4.0,3.0,4.0,2.0,2.4,2.0,4.58
Africa,North Africa,Morocco,2023,,,5.5,7.0,2.0,2.0,4.5,1.5,4.0,6.0,9.0,6.0,,1.5,6.5,7.5,4.0,,4.5,3.5,6.0,6.5,4.0,5.5,6.0,3.5,4.5,4.5,4.0,3.0,4.8,5.1,4.0,7.5,6.5,6.0,5.0,4.5,3.0,4.63
Americas,Caribbean & Central,Panama,2023,,,7.5,6.5,7.0,6.5,8.0,6.5,5.0,8.5,4.5,5.0,,7.5,7.0,7.5,6.0,,4.0,4.0,6.0,6.0,3.0,4.5,5.5,3.5,5.5,4.0,4.0,6.0,6.98,6.67,6.5,7.5,7.5,7.0,6.5,7.3,8.5,4.67
Asia,Southern Asia,Bhutan,2023,,,6.0,5.0,2.5,6.5,6.0,5.0,2.5,1.5,5.0,3.5,,4.0,4.5,4.0,4.0,,6.0,6.5,5.0,4.5,5.5,5.0,3.5,4.0,5.5,3.5,4.0,3.5,3.9,3.9,2.5,3.0,3.5,4.0,2.0,3.9,3.0,4.71
Europe,Central & Eastern Europe,Montenegro,2023,,,5.0,5.5,6.0,3.0,5.5,3.5,5.5,7.0,6.0,4.0,,7.5,7.0,7.0,6.0,,4.5,4.5,6.0,5.0,4.5,4.5,5.0,5.0,4.0,4.0,5.0,5.0,5.9,5.2,5.5,6.0,3.0,7.5,5.0,6.6,5.5,4.75
Africa,East Africa,Ethiopia,2023,,,8.0,7.5,8.5,4.5,6.0,6.0,3.5,4.0,6.0,3.0,,2.0,6.5,5.0,6.0,,4.0,4.5,6.0,6.0,5.0,3.5,4.0,7.0,5.0,3.0,5.0,4.0,5.68,6.07,5.0,7.0,8.0,8.0,6.0,5.3,7.0,4.75
Asia,South-Eastern Asia,Vietnam,2023,,,7.0,7.0,4.5,7.0,9.0,6.0,7.5,4.0,4.5,7.0,,6.0,7.0,7.0,6.5,,5.0,4.5,6.0,6.0,4.0,4.5,5.5,5.5,5.5,4.5,5.0,1.5,6.55,6.5,6.5,7.0,7.5,7.0,6.0,6.6,6.5,4.79
Asia,South-Eastern Asia,Thailand,2023,,,7.0,7.0,6.5,6.5,8.0,6.0,8.0,4.0,4.5,8.5,,1.5,6.0,6.5,7.0,,5.0,4.5,6.5,5.5,4.0,5.5,4.0,5.0,4.5,4.5,5.0,3.5,6.18,6.77,6.0,8.0,8.0,7.0,6.5,5.6,7.0,4.79
Americas,Caribbean & Central,Dominican Republic,2023,,,6.5,6.0,4.0,5.0,4.0,4.5,6.5,8.0,5.5,4.5,,5.0,5.5,5.5,4.0,,5.0,3.0,7.5,5.0,4.0,5.0,5.5,4.0,5.0,4.0,4.5,5.0,5.02,5.13,3.5,5.0,5.5,4.5,4.0,4.9,4.5,4.79
Americas,South America,Bolivia,2023,,,5.0,4.0,5.0,7.5,6.0,8.0,2.0,8.5,2.5,2.0,,4.0,4.5,6.0,5.0,,5.0,4.0,5.0,6.0,3.0,4.5,4.5,4.5,5.5,5.0,6.0,5.0,4.95,5.0,4.5,5.0,5.0,7.0,3.0,4.9,5.0,4.83
Americas,South America,Ecuador,2023,,,6.5,6.0,8.0,7.0,7.0,7.5,6.5,8.5,5.5,5.5,,8.0,7.5,7.0,8.0,,4.5,5.5,6.0,5.0,4.0,4.0,3.5,5.5,5.0,5.5,4.5,5.5,7.07,6.73,6.5,6.5,6.0,6.0,8.0,7.4,6.5,4.88
Europe,Central & Eastern Europe,Hungary,2023,,,6.5,6.5,4.5,4.0,4.0,3.5,5.0,5.0,5.5,6.0,,1.0,4.0,7.0,5.5,,4.5,3.5,4.5,5.0,5.0,5.0,6.5,5.5,4.5,4.5,6.0,4.0,4.62,4.73,5.0,5.5,4.0,4.0,2.0,4.5,5.0,4.88
Americas,South America,Brazil,2023,,,6.0,5.5,8.5,8.5,8.5,8.5,2.5,9.0,8.5,4.5,,8.0,7.0,8.5,3.5,,3.0,4.5,7.5,4.5,3.0,4.5,5.5,6.0,5.5,5.0,4.0,6.0,6.77,6.93,8.0,7.0,7.0,5.0,7.0,6.6,6.0,4.92
Africa,Central Africa,Sao Tome and Principe,2023,,,1.5,1.0,1.5,2.5,2.0,1.0,2.0,2.0,2.5,1.5,,1.0,1.5,3.0,2.0,,6.0,5.0,7.0,7.0,6.0,5.0,5.0,3.0,3.0,4.0,3.0,5.0,1.7,1.7,1.0,3.0,1.5,1.5,1.0,1.7,1.0,4.92
Europe,Central & Eastern Europe,Serbia,2023,,,6.0,6.5,6.5,5.0,5.0,5.0,7.0,6.0,6.0,6.0,,6.0,7.0,8.0,6.5,,4.5,4.0,6.5,5.0,5.0,5.0,6.0,5.5,5.0,4.0,5.5,3.5,6.22,5.73,5.0,7.0,4.5,5.0,5.5,6.7,6.0,4.96
Americas,Caribbean & Central,"St, Kitts and Nevis",2023,,,3.0,2.5,4.5,1.5,2.0,2.0,1.0,7.0,7.0,1.0,,1.0,6.0,6.5,5.5,,6.0,5.0,6.0,6.5,7.0,4.5,6.0,5.5,2.0,2.5,4.0,5.0,3.52,2.83,1.5,4.5,2.0,2.0,1.0,4.2,2.0,5.0
Oceania,Micronesia,Nauru,2023,,,1.5,1.5,1.0,1.0,3.5,3.5,1.5,1.5,1.5,1.5,,1.0,1.5,3.5,2.5,,5.0,5.0,6.0,7.5,6.5,5.5,7.5,7.0,3.5,2.0,1.0,3.5,2.05,2.2,2.5,3.0,4.5,4.0,1.0,1.9,1.0,5.0
Oceania,Melanesia,Solomon Islands,2023,,,4.5,2.0,3.0,8.0,7.5,3.5,1.0,2.5,3.5,1.5,,1.0,4.5,7.0,6.5,,4.5,4.5,5.0,4.5,5.5,6.0,5.0,5.0,4.5,4.5,7.0,5.0,4.4,3.7,1.5,7.0,4.0,4.0,2.0,5.1,6.5,5.08
Asia,Western Asia,United Arab Emirates,2023,,,8.5,6.5,7.0,5.5,7.5,7.5,7.0,6.5,6.5,8.0,,1.0,6.5,6.5,7.0,,5.0,4.5,5.0,5.5,5.5,6.0,5.5,3.5,5.5,6.0,6.5,3.0,6.37,7.03,8.0,9.5,7.0,5.5,5.0,5.7,7.5,5.13
Africa,West Africa,CÃ´te d'Ivoire,2023,,,7.0,6.5,7.0,6.0,6.5,6.0,4.0,5.5,6.5,6.0,,3.5,7.0,7.5,7.5,,5.5,4.5,6.0,5.0,5.0,5.5,5.0,5.0,5.0,4.5,5.5,5.0,6.02,5.93,5.5,6.5,7.0,3.5,5.5,6.1,5.0,5.13
Europe,Central & Eastern Europe,Albania,2023,,,5.0,6.0,4.5,4.5,3.5,5.0,6.0,6.5,6.5,3.5,,6.5,7.0,6.5,3.0,,5.0,4.5,7.0,6.0,6.0,5.0,5.5,4.0,4.0,4.5,5.0,5.0,5.17,4.83,6.0,6.0,3.0,3.0,3.5,5.5,4.5,5.13
Europe,Southern Europe,Malta,2023,,,5.0,3.5,3.0,1.0,5.0,4.5,3.0,5.5,4.5,5.0,,3.0,7.0,7.5,5.0,,4.5,4.0,7.5,6.0,4.5,4.5,4.5,4.5,6.5,7.0,4.0,4.0,5.0,4.3,5.5,8.0,4.0,4.0,3.0,5.7,6.0,5.13
Americas,Caribbean & Central,Grenada,2023,,,2.0,2.5,3.0,2.0,2.5,3.5,1.0,6.0,7.0,1.5,,2.0,3.0,3.5,4.0,,5.5,5.0,6.0,5.5,4.5,6.5,6.0,5.0,6.0,3.0,4.0,4.5,2.93,2.67,3.0,3.0,1.0,1.0,1.0,3.2,3.5,5.13
Oceania,Melanesia,Vanuatu,2023,,,3.5,1.5,1.5,3.5,6.0,1.5,1.0,2.5,3.5,2.0,,1.0,1.5,3.0,4.0,,5.0,5.5,5.5,6.5,7.0,6.5,4.0,3.0,4.0,5.0,3.5,6.0,2.43,2.67,2.5,3.5,4.0,2.5,1.0,2.2,1.5,5.13
Europe,Southern Europe,Greece,2023,,,5.5,8.0,3.5,2.0,2.5,3.0,6.0,5.0,5.5,3.5,,3.5,6.5,7.5,6.0,,5.0,5.0,7.0,6.0,4.5,5.0,5.5,5.5,5.5,4.0,5.0,4.0,5.35,4.7,3.5,6.5,5.0,5.5,5.5,6.0,6.5,5.17
Africa,West Africa,Gambia,2023,,,6.0,5.0,2.5,7.0,4.0,4.5,4.5,7.0,7.0,4.0,,1.0,6.5,6.5,4.0,,5.5,5.0,5.5,5.0,4.5,5.0,6.5,5.5,5.5,3.5,4.0,6.5,4.53,4.67,3.0,5.5,6.5,2.5,1.0,4.4,4.0,5.17
Americas,Caribbean & Central,Dominica,2023,,,3.0,2.5,5.0,1.0,1.5,1.0,1.0,6.0,6.0,2.5,,1.0,5.0,2.0,2.5,,3.5,4.0,6.5,5.0,4.5,6.0,6.0,5.5,5.0,5.0,6.0,5.0,2.63,2.67,3.0,4.0,1.0,1.5,1.0,2.6,2.5,5.17
Asia,Western Asia,Oman,2023,,,7.0,5.0,5.0,5.0,5.5,5.0,5.5,3.0,4.5,6.5,,1.0,5.0,4.0,4.0,,4.5,4.5,6.5,6.5,5.0,7.0,5.5,5.0,4.5,4.5,4.5,4.5,4.4,4.9,4.5,6.5,4.5,3.5,2.5,3.9,5.5,5.21
Asia,Eastern Asia,Mongolia,2023,,,5.0,3.0,3.0,5.5,4.5,5.0,2.0,2.0,3.5,5.5,,2.0,4.5,5.0,5.5,,5.0,5.0,6.5,6.5,4.5,5.0,5.5,4.5,3.5,4.5,6.5,5.5,4.12,3.83,6.0,5.0,3.5,2.0,2.0,4.4,5.0,5.21
Africa,Southern Africa,Seychelles,2023,,,4.0,3.5,3.5,4.0,4.5,1.0,8.0,4.5,3.5,3.0,,2.0,5.0,5.5,5.0,,5.0,5.5,6.5,5.5,6.0,5.0,5.0,4.5,4.5,4.5,5.0,5.5,3.9,3.5,2.5,4.5,3.0,2.0,1.0,4.3,4.0,5.21
Europe,Southern Europe,San Marino,2023,,,2.0,1.5,2.5,1.0,1.5,1.5,2.0,4.0,2.5,1.5,,2.0,4.0,5.0,6.5,,4.0,4.0,6.0,5.5,6.5,5.0,6.0,4.5,5.5,5.5,4.5,5.5,3.48,2.37,2.0,7.5,3.0,1.0,2.0,4.6,5.5,5.21
Asia,Central Asia and the Caucasus,Georgia,2023,,,3.5,2.0,3.0,4.0,4.0,3.0,4.0,2.0,3.5,4.0,,3.0,3.0,3.5,3.0,,4.0,5.0,6.0,6.5,3.0,6.5,5.0,5.0,4.5,6.5,5.5,5.5,3.6,3.6,5.0,5.0,5.0,2.5,3.5,3.6,5.5,5.25
Europe,Central & Eastern Europe,North Macedonia,2023,,,5.0,6.5,4.5,4.0,3.5,3.0,6.0,5.0,6.0,5.5,,3.0,6.0,6.5,5.5,,5.0,5.5,6.0,5.0,4.5,6.0,6.0,5.5,4.0,4.5,5.5,6.0,5.03,4.87,5.5,6.0,4.0,3.5,5.0,5.2,5.0,5.29
Europe,Central & Eastern Europe,Slovakia,2023,,,5.0,4.5,5.0,4.0,3.5,3.0,5.0,5.5,5.0,5.5,,3.0,6.0,6.5,5.0,,5.0,4.5,7.0,6.5,5.0,5.0,6.0,5.0,5.0,4.5,5.0,5.0,4.72,4.73,6.0,6.5,4.0,5.5,3.0,4.7,3.0,5.29
Oceania,Polynesia,Tonga,2023,,,3.5,1.0,5.5,1.0,3.5,1.0,1.5,5.0,5.0,7.5,,1.0,4.5,5.5,7.0,,5.0,5.5,6.5,6.5,3.5,6.0,5.0,5.0,5.0,5.0,4.0,6.5,3.7,3.5,2.0,4.5,4.5,4.0,3.0,3.9,1.5,5.29
Africa,East Africa,Kenya,2023,,,8.0,7.5,7.5,6.0,7.0,7.0,7.5,6.0,6.5,5.5,,7.0,8.0,8.0,6.5,,5.0,5.0,7.5,7.0,5.0,4.5,6.0,6.0,5.5,3.0,3.0,6.5,7.02,6.93,8.0,7.5,7.0,6.0,7.0,7.1,6.0,5.33
Europe,Central & Eastern Europe,Bulgaria,2023,,,5.0,5.5,4.5,6.0,4.5,5.0,6.0,4.5,5.5,6.5,,5.0,7.0,7.5,5.0,,5.0,6.0,6.0,6.0,5.0,5.0,6.0,5.5,5.0,5.0,5.0,4.5,5.65,5.4,6.0,7.0,5.0,5.0,5.0,5.9,5.0,5.33
Americas,Caribbean & Central,Trinidad and Tobago,2023,,,6.5,4.5,7.0,1.0,2.5,2.0,2.5,8.0,7.0,4.0,,6.0,6.5,5.0,6.5,,5.0,5.0,6.5,7.0,3.5,5.5,4.5,6.5,4.0,5.5,5.0,6.0,5.2,4.8,6.0,6.5,4.5,5.0,5.0,5.6,4.0,5.33
Oceania,Micronesia,Palau,2023,,,3.5,2.5,1.5,1.0,7.0,1.5,2.0,3.0,2.5,4.0,,1.0,4.0,2.0,4.0,,7.0,6.0,7.5,5.5,5.0,5.5,4.5,5.0,4.5,2.5,5.5,5.5,2.7,2.9,2.5,2.5,4.5,4.0,1.5,2.5,1.5,5.33
Americas,Caribbean & Central,Cuba,2023,,,5.5,5.5,1.5,3.5,3.0,4.0,2.5,4.0,5.0,3.0,,3.0,2.5,3.5,2.0,,6.5,2.5,6.5,6.0,3.0,7.0,8.0,5.5,5.5,4.0,7.0,3.0,3.37,3.63,3.0,3.5,5.5,3.0,2.0,3.1,4.5,5.38
Americas,Caribbean & Central,"St, Vincent and the Grenadines",2023,,,2.5,1.0,4.0,1.0,2.0,1.0,1.0,7.5,7.5,1.0,,2.0,5.0,2.0,5.5,,6.0,6.0,6.0,6.5,6.0,4.0,6.0,5.5,4.0,3.0,5.5,6.0,3.08,2.67,3.0,2.5,2.0,3.0,1.0,3.5,3.0,5.38
Americas,Caribbean & Central,Jamaica,2023,,,5.0,3.0,9.0,1.5,2.0,1.0,3.0,6.5,8.5,3.0,,8.0,8.0,8.0,7.0,,4.5,5.0,7.0,5.5,3.5,6.0,6.5,4.5,4.5,5.0,6.5,6.5,5.8,4.9,4.5,7.0,6.5,7.0,6.0,6.7,2.5,5.42
Asia,Southern Asia,India,2023,,,8.0,6.5,6.0,6.0,7.0,7.0,7.0,3.5,7.5,7.0,,3.5,6.5,6.0,3.0,,4.0,5.0,8.5,5.0,4.5,5.0,8.0,6.5,5.0,4.0,5.0,4.5,5.75,6.7,7.5,7.0,7.5,6.0,7.0,4.8,5.0,5.42
Asia,Western Asia,Qatar,2023,,,8.0,6.5,6.5,4.0,6.5,5.0,4.5,4.5,6.5,7.0,,1.0,6.0,6.5,6.0,,5.0,5.5,6.0,5.0,5.0,5.0,7.0,5.5,6.0,5.5,6.0,3.5,5.45,5.7,7.0,7.5,6.0,4.0,2.0,5.2,6.5,5.42
Asia,Western Asia,Bahrain,2023,,,8.0,5.5,5.0,3.5,6.0,6.5,5.0,4.0,5.5,7.0,,1.5,6.0,4.0,5.0,,6.0,4.5,7.0,5.5,4.5,4.5,6.5,5.5,6.0,5.5,5.5,4.0,4.95,5.4,7.0,7.0,5.5,4.0,1.5,4.5,6.0,5.42
Oceania,Melanesia,Fiji,2023,,,5.0,4.0,2.0,3.5,4.5,2.5,2.5,5.0,6.0,7.0,,1.0,5.0,3.0,5.5,,5.5,5.0,5.5,6.0,4.0,5.0,5.0,6.0,6.0,6.0,5.5,5.5,4.15,4.3,4.0,5.5,5.0,4.5,3.5,4.0,5.5,5.42
Africa,West Africa,Ghana,2023,,,7.0,5.5,6.0,7.0,6.5,7.5,6.0,6.5,6.0,7.0,,3.0,6.5,7.5,6.5,,6.0,5.5,6.5,5.0,5.0,4.5,6.0,6.0,6.5,3.5,4.0,7.0,5.8,6.0,6.0,6.0,5.0,4.5,3.5,5.6,4.5,5.46
Africa,Southern Africa,Botswana,2023,,,4.5,3.5,4.0,2.5,7.5,3.5,3.5,3.5,4.5,4.0,,1.0,5.5,4.0,5.5,,5.0,4.0,8.5,7.0,6.0,5.0,5.0,5.0,6.0,4.5,4.5,5.0,4.35,4.4,5.0,5.5,5.0,5.5,4.0,4.3,5.5,5.46
Americas,Caribbean & Central,Bahamas,2023,,,5.0,5.5,5.5,1.5,4.5,2.0,4.0,7.5,4.5,3.0,,4.0,3.0,3.0,6.0,,6.0,5.5,6.5,6.5,3.5,6.5,5.0,5.0,4.0,7.0,5.5,5.0,3.75,3.6,2.5,3.5,2.0,1.5,1.5,3.9,3.5,5.5
Asia,Western Asia,Kuwait,2023,,,8.0,6.5,6.0,5.5,6.0,6.0,5.0,4.5,6.5,7.0,,1.0,6.0,6.0,4.0,,5.0,4.5,6.0,5.5,5.5,6.0,5.5,5.5,6.5,5.5,5.5,5.5,5.2,5.7,6.5,7.0,6.0,3.0,2.0,4.7,6.5,5.54
Africa,Southern Africa,Mauritius,2023,,,4.5,3.5,2.5,3.5,3.0,4.0,8.0,3.5,5.5,8.0,,2.0,6.5,6.0,4.5,,6.0,6.0,6.5,6.0,5.5,5.5,5.5,4.0,7.0,4.0,5.0,5.5,4.37,4.13,4.0,4.5,4.0,2.0,1.5,4.6,4.0,5.54
Africa,Central Africa,Rwanda,2023,,,5.0,2.5,5.0,2.5,4.0,8.5,3.0,2.5,4.0,1.5,,1.0,3.0,5.0,4.0,,5.5,4.5,5.0,6.0,5.0,7.0,6.5,6.0,6.5,5.5,5.5,3.5,3.6,4.0,4.5,6.0,6.0,4.0,1.0,3.2,3.0,5.54
Asia,Western Asia,Jordan,2023,,,6.0,5.5,6.5,3.5,3.5,2.0,3.5,3.0,6.0,7.0,,1.5,7.0,6.0,4.5,,5.5,4.5,8.0,6.0,4.5,6.5,6.0,6.5,4.0,4.5,6.5,4.5,4.93,4.87,5.5,6.5,5.5,5.0,4.0,5.0,6.0,5.58
Americas,Caribbean & Central,"St, Lucia",2023,,,4.0,1.5,5.0,2.0,1.0,1.0,1.0,7.5,7.0,1.0,,5.0,4.0,5.0,6.0,,7.5,6.5,6.5,6.5,6.0,4.5,5.5,4.0,5.0,5.0,6.0,4.0,3.53,2.67,2.0,2.5,2.0,1.5,1.0,4.4,2.0,5.58
Americas,South America,Colombia,2023,,,8.0,7.5,8.0,7.0,7.0,9.0,5.0,9.5,7.0,6.0,,9.5,9.5,7.5,7.5,,6.0,5.5,9.0,6.5,5.5,5.0,4.5,6.0,5.0,3.5,4.5,6.5,7.75,7.3,7.0,8.0,7.5,4.5,8.5,8.2,7.0,5.63
Africa,Southern Africa,South Africa,2023,,,4.5,5.0,8.0,5.0,8.0,8.0,7.5,7.0,5.0,8.5,,7.5,8.0,8.0,7.5,,5.5,5.5,6.0,7.0,6.0,4.5,6.0,5.5,6.0,4.0,4.5,7.0,7.18,6.87,7.0,7.5,7.0,7.0,8.0,7.5,6.5,5.63
Americas,Caribbean & Central,Costa Rica,2023,,,5.0,6.0,5.0,5.0,6.0,7.0,1.0,7.5,4.5,3.5,,7.0,6.0,2.5,7.0,,7.0,6.5,6.5,6.5,6.0,5.0,5.0,4.0,4.5,5.0,5.0,6.5,5.53,5.37,7.0,5.5,5.5,6.0,6.0,5.7,6.0,5.63
Europe,Southern Europe,Monaco,2023,,,2.0,1.0,1.5,1.0,1.0,1.5,2.0,2.0,2.5,2.0,,1.0,3.0,3.5,5.5,,3.5,4.5,5.5,6.5,8.0,7.0,6.0,5.5,4.0,8.0,5.0,4.0,2.58,1.67,3.0,2.5,1.0,1.0,1.0,3.5,4.5,5.63
Asia,Eastern Asia,China,2023,,,7.0,6.5,3.0,8.5,9.0,5.0,6.5,3.5,4.5,8.0,,6.5,7.5,7.0,3.0,,6.0,4.0,6.0,7.5,5.0,6.0,7.5,6.5,7.5,4.0,6.0,2.0,6.37,6.53,8.5,7.5,9.5,6.0,5.0,6.2,7.0,5.67
Asia,Central Asia and the Caucasus,Armenia,2023,,,3.0,1.5,2.0,3.5,4.0,2.5,4.5,1.5,3.5,4.0,,2.5,3.0,3.0,3.0,,7.0,6.0,7.0,6.5,4.5,6.5,3.0,6.0,6.0,5.0,4.5,6.5,2.82,2.93,2.5,3.0,3.5,3.5,1.5,2.7,2.0,5.71
Africa,West Africa,Nigeria,2023,,,7.5,6.0,8.5,6.0,7.0,8.0,6.0,7.0,8.0,8.5,,5.5,8.5,7.5,7.5,,5.5,5.0,7.5,7.5,5.0,5.0,5.0,5.0,6.5,5.0,5.5,7.0,7.28,7.37,8.0,7.0,8.0,7.0,8.0,7.2,7.0,5.79
Africa,West Africa,Senegal,2023,,,5.5,5.0,5.0,7.5,7.0,4.5,3.0,7.0,7.0,3.0,,3.0,6.0,5.0,6.5,,5.5,5.0,7.0,6.5,5.0,6.0,7.0,5.0,5.5,5.0,5.0,7.0,5.52,5.53,5.0,5.5,7.5,6.0,4.5,5.5,7.0,5.79
Oceania,Micronesia,Marshall Islands,2023,,,5.0,2.0,2.0,1.0,7.5,1.0,1.5,2.0,2.5,2.5,,1.0,2.5,3.0,3.0,,7.0,6.5,6.0,6.5,7.0,5.5,6.0,4.5,6.5,3.5,4.0,6.5,2.52,2.73,3.0,3.5,3.0,3.5,1.0,2.3,2.0,5.79
Oceania,Polynesia,Samoa,2023,,,3.5,2.0,3.0,1.5,3.0,2.0,1.0,3.5,5.5,4.0,,1.0,2.5,2.5,2.5,,4.5,5.5,6.0,6.5,6.0,6.5,7.5,5.5,3.0,5.5,6.5,7.0,2.43,2.97,2.5,3.5,4.5,4.0,1.0,1.9,1.0,5.83
Europe,Central & Eastern Europe,Poland,2023,,,5.5,6.0,4.5,2.5,5.0,5.5,4.0,5.0,5.5,7.0,,2.0,6.0,4.5,3.5,,5.5,4.0,7.5,7.0,5.0,6.5,7.5,6.5,6.5,5.0,5.5,4.0,4.48,4.97,5.5,6.0,4.5,5.5,2.5,4.0,4.0,5.88
Oceania,Micronesia,Micronesia (Federated States of),2023,,,5.0,3.0,1.5,1.5,7.0,1.0,1.0,3.5,4.0,3.5,,1.0,4.5,2.5,5.5,,7.0,4.0,7.0,6.0,6.5,6.5,6.0,5.0,4.5,5.5,5.5,7.0,3.0,3.0,2.0,2.5,4.0,4.0,1.5,3.0,1.5,5.88
Asia,South-Eastern Asia,Malaysia,2023,,,7.5,7.5,5.5,6.5,8.0,5.5,7.0,4.0,5.0,7.5,,4.5,5.5,6.0,7.0,,4.5,5.5,7.0,7.5,5.5,5.5,5.5,6.0,7.0,6.0,6.5,4.5,6.23,6.67,8.0,8.0,7.5,7.0,5.5,5.8,6.0,5.92
Europe,Central & Eastern Europe,Croatia,2023,,,5.0,6.5,4.5,4.5,3.5,4.5,5.0,6.5,6.0,5.5,,4.0,6.5,6.0,5.0,,5.5,6.0,7.0,7.0,5.5,6.0,6.5,6.5,5.0,6.0,5.5,4.5,5.15,4.9,4.5,5.5,4.0,4.0,4.0,5.4,5.5,5.92
Americas,South America,Argentina,2023,,,5.0,3.5,3.5,2.0,4.0,2.5,2.0,7.0,7.5,3.0,,5.0,6.0,6.0,5.5,,6.5,4.5,6.0,6.0,5.5,5.5,6.0,7.0,6.0,6.0,5.0,7.5,5.0,4.5,5.5,3.5,7.0,6.5,5.0,5.5,5.0,5.96
Europe,Central & Eastern Europe,Romania,2023,,,6.0,5.5,5.0,6.0,4.5,4.0,5.5,5.5,5.0,5.0,,3.0,5.5,3.5,4.0,,6.0,6.5,7.0,6.0,6.5,6.0,6.5,5.0,5.5,6.0,6.0,5.0,4.58,5.27,6.0,6.0,5.0,6.0,4.0,3.9,3.5,6.0
Europe,Central & Eastern Europe,Slovenia,2023,,,4.0,5.5,4.0,3.0,3.0,2.5,4.0,5.5,5.0,5.0,,3.0,5.0,6.5,5.0,,6.0,5.0,7.0,7.0,6.0,6.0,7.5,5.0,5.0,6.0,6.0,6.0,4.37,4.03,5.0,6.0,3.0,2.0,3.0,4.7,4.0,6.04
Asia,Western Asia,Israel,2023,,,6.0,2.5,6.5,1.5,2.0,5.5,3.0,5.5,6.5,5.5,,5.5,4.0,5.0,4.0,,6.0,5.0,6.5,6.5,5.0,6.5,3.5,7.0,7.5,6.5,6.5,6.5,4.85,5.0,9.0,6.5,5.0,5.0,5.0,4.7,5.0,6.08
Oceania,Polynesia,Tuvalu,2023,,,1.5,1.0,1.0,1.0,5.0,1.0,1.0,1.5,2.5,1.5,,1.0,1.0,1.5,1.5,,5.5,6.0,5.0,6.5,8.0,7.0,6.5,6.5,6.0,4.5,4.5,7.0,1.62,1.93,1.5,2.5,4.0,3.0,1.0,1.3,1.5,6.08
Americas,Caribbean & Central,Barbados,2023,,,4.0,2.0,5.0,1.0,1.5,2.0,1.0,6.0,5.0,1.0,,5.0,4.5,4.0,2.5,,6.0,7.5,7.5,7.0,5.0,7.0,6.5,5.0,4.5,5.5,6.0,6.0,3.07,2.43,1.5,2.0,1.5,1.0,2.0,3.7,2.5,6.13
Americas,South America,Chile,2023,,,6.0,5.0,6.5,4.5,5.0,3.0,2.0,7.5,7.0,5.5,,4.0,6.0,5.5,6.0,,7.0,7.0,8.0,6.0,5.5,4.5,4.0,6.5,6.0,6.0,6.5,7.0,5.18,5.07,5.0,4.0,6.5,4.0,4.5,5.3,5.0,6.17
Europe,Central & Eastern Europe,Czech Republic,2023,,,5.5,5.5,5.0,3.0,5.5,3.5,4.5,5.0,6.0,6.5,,3.5,4.5,5.0,4.5,,6.5,6.5,7.0,7.0,6.5,7.0,7.0,6.5,6.0,5.0,6.0,6.0,4.68,4.87,5.5,6.0,4.0,4.0,3.5,4.5,5.0,6.42
Europe,Southern Europe,Italy,2023,,,7.0,7.5,6.0,3.0,3.5,5.5,5.0,8.0,5.5,5.0,,9.0,3.5,6.5,7.5,,6.5,5.0,9.0,8.0,5.5,7.5,6.0,6.0,5.0,5.5,6.0,7.5,6.22,5.73,6.0,7.0,5.5,4.0,7.5,6.7,7.0,6.46
Europe,Southern Europe,Portugal,2023,,,5.5,5.0,4.0,4.0,4.0,3.5,5.0,6.0,5.5,5.0,,5.0,6.0,4.5,5.5,,7.0,5.0,7.5,7.0,6.0,7.0,6.0,6.5,5.5,7.0,6.0,7.5,4.88,4.67,5.5,5.0,4.5,4.0,3.5,5.1,4.5,6.5
Africa,West Africa,Cabo Verde,2023,,,4.5,2.0,3.0,2.0,4.0,1.0,4.0,7.5,5.5,4.0,,3.0,4.5,4.0,7.0,,7.0,7.0,8.5,7.0,7.5,6.0,7.5,5.0,6.0,4.0,6.5,7.0,4.28,3.97,4.5,4.0,4.0,4.5,5.0,4.6,4.5,6.58
Europe,Southern Europe,Spain,2023,,,7.0,7.0,4.0,3.5,5.0,2.5,6.5,7.5,7.5,5.5,,6.0,7.0,5.0,7.5,,6.5,6.0,8.5,8.0,7.0,8.0,5.5,6.5,6.0,6.5,5.5,7.0,5.9,5.7,6.0,7.0,6.0,6.5,4.0,6.1,5.0,6.75
Europe,Western Europe,France,2023,,,6.0,6.5,6.0,4.0,5.5,5.0,6.0,7.0,7.0,6.0,,6.0,6.5,3.5,7.0,,6.5,7.0,8.5,7.5,6.5,7.0,5.5,8.0,8.0,5.0,7.0,7.0,5.82,5.93,6.5,6.5,7.0,5.5,4.5,5.7,5.5,6.96
Europe,Western Europe,Switzerland,2023,,,5.0,3.5,5.5,1.5,3.0,7.0,2.5,6.0,4.5,4.0,,4.5,4.0,2.0,7.5,,8.5,6.0,8.0,7.0,7.0,7.5,8.5,5.0,6.0,7.0,6.0,8.0,4.87,4.63,7.0,7.5,6.0,4.0,2.5,5.1,7.5,7.04
Europe,Western Europe,Belgium,2023,,,5.0,6.0,6.0,3.0,3.5,4.0,4.0,8.0,6.5,7.5,,3.0,5.0,2.0,5.0,,7.0,7.0,8.0,7.5,6.0,7.0,6.0,7.0,7.0,7.5,7.0,7.5,4.43,5.17,6.0,6.5,5.0,4.0,2.5,3.7,3.5,7.04
Americas,North America,United States,2023,,,6.0,5.5,7.5,2.5,5.5,4.5,6.5,7.0,4.5,8.5,,5.5,6.0,4.5,5.5,,6.0,6.0,9.0,6.5,6.0,8.0,6.5,6.5,8.0,7.5,7.0,8.5,5.67,5.83,8.0,7.5,6.0,5.0,3.0,5.5,6.0,7.13
Americas,North America,Canada,2023,,,4.0,4.0,3.5,2.0,3.0,3.0,5.0,3.5,3.0,5.5,,5.0,4.0,2.0,4.5,,7.5,7.0,8.0,8.0,7.0,7.0,6.0,6.0,7.5,8.5,6.0,8.0,3.88,3.87,6.5,5.0,4.0,3.5,2.5,3.9,4.0,7.21
Europe,Northern Europe,Lithuania,2023,,,4.0,3.0,3.0,1.5,3.0,2.5,4.5,5.0,4.5,4.5,,4.0,4.5,4.0,4.0,,7.0,7.0,8.5,7.0,8.0,7.5,8.0,6.5,7.5,7.0,6.5,7.0,3.9,3.8,5.5,6.0,3.0,5.0,2.0,4.0,3.5,7.29
Europe,Western Europe,Ireland,2023,,,5.0,4.5,4.0,2.0,4.0,5.5,6.0,7.0,6.0,6.0,,6.5,6.0,4.0,6.5,,7.0,8.0,8.0,8.0,7.0,7.0,7.5,8.0,8.0,7.0,5.5,7.0,5.08,5.17,6.0,6.0,5.0,5.0,5.5,5.0,2.0,7.33
Asia,Eastern Asia,Japan,2023,,,5.0,5.0,2.5,4.0,6.0,3.0,1.5,3.0,4.5,5.0,,6.0,5.5,3.0,4.5,,6.0,7.5,9.0,7.5,8.0,7.5,8.5,7.5,8.0,5.5,5.5,8.0,4.28,3.87,3.5,6.0,2.0,2.0,5.0,4.7,4.5,7.38
Oceania,Australia and New Zealand,Australia,2023,,,3.5,2.5,3.5,3.0,4.0,2.0,3.5,6.5,3.0,7.0,,4.5,5.0,2.5,4.0,,7.5,8.0,9.0,8.0,8.0,8.0,7.5,7.0,7.0,6.0,6.0,6.5,4.0,4.3,7.5,7.0,2.0,5.0,4.5,3.7,2.5,7.38
Europe,Western Europe,Netherlands,2023,,,5.5,5.0,6.0,4.0,4.5,4.5,4.0,7.5,5.5,8.0,,4.5,6.0,3.0,6.0,,7.5,8.0,8.5,7.5,7.5,7.5,6.0,6.5,6.5,8.0,8.0,8.0,4.97,5.23,7.5,5.0,5.0,4.0,2.5,4.7,4.0,7.46
Europe,Northern Europe,Sweden,2023,,,5.0,6.0,6.0,2.5,3.5,2.0,3.0,5.5,5.5,6.0,,5.0,6.0,2.5,6.5,,6.5,8.5,8.5,7.5,7.0,6.5,8.0,8.0,7.0,6.0,7.5,8.5,4.7,4.6,6.0,6.0,4.0,3.5,4.5,4.8,4.0,7.46
Europe,Western Europe,Germany,2023,,,6.0,7.0,6.0,2.5,4.0,3.0,4.5,7.0,6.0,6.5,,5.0,6.5,2.0,7.0,,6.5,7.0,8.0,8.0,8.0,7.5,8.5,6.0,7.0,8.0,8.0,7.5,5.33,5.47,6.5,7.5,5.5,4.5,5.5,5.2,5.5,7.5
Europe,Western Europe,Austria,2023,,,4.5,6.0,5.5,2.0,2.5,2.0,4.0,4.0,4.5,5.0,,1.0,4.0,4.0,6.5,,7.5,6.5,7.5,8.0,8.5,8.5,7.5,6.5,7.0,8.0,7.5,7.0,4.13,4.17,5.0,5.5,4.0,3.5,4.5,4.1,5.0,7.5
Americas,South America,Uruguay,2023,,,3.0,4.0,3.0,1.0,3.5,1.0,2.0,6.0,4.0,3.5,,2.5,4.5,3.0,2.5,,7.5,9.0,9.0,7.0,6.0,7.0,7.0,6.5,8.0,7.5,7.0,8.5,3.22,3.33,4.0,4.0,3.5,3.5,4.0,3.1,3.0,7.5
Europe,Western Europe,Luxembourg,2023,,,3.5,2.0,2.0,1.5,1.5,1.5,3.0,3.5,2.5,3.5,,1.0,2.0,2.0,5.0,,8.0,6.5,9.0,8.0,7.5,7.0,8.0,5.5,7.0,7.5,8.0,8.0,2.85,2.9,4.5,6.5,3.5,2.5,2.0,2.8,4.0,7.5
Europe,Western Europe,United Kingdom,2023,,,7.0,6.0,4.5,3.0,4.0,2.5,4.5,7.0,5.5,6.0,,4.5,7.0,3.5,7.5,,7.5,6.5,7.5,8.0,8.0,7.5,8.5,6.5,7.5,7.0,7.5,8.5,5.75,5.5,6.5,7.5,6.5,6.0,6.0,6.0,7.5,7.54
Europe,Northern Europe,Latvia,2023,,,5.0,4.5,3.5,1.5,2.0,2.0,4.5,5.5,5.5,5.5,,4.0,3.5,2.0,4.5,,7.0,6.5,8.5,8.5,8.0,8.0,8.5,6.0,8.0,7.5,7.5,7.0,3.9,4.5,6.0,6.5,6.0,6.0,3.5,3.3,2.5,7.58
Asia,South-Eastern Asia,Singapore,2023,,,5.5,2.5,2.5,2.5,4.5,2.5,4.5,3.0,3.5,5.5,,3.0,4.0,1.5,4.0,,7.5,7.5,9.0,8.5,9.0,9.0,8.0,7.5,8.0,7.0,9.0,4.0,3.47,3.93,6.5,6.0,5.0,3.0,2.0,3.0,2.5,7.83
Europe,Northern Europe,Estonia,2023,,,4.5,3.5,2.0,2.0,2.0,3.5,3.0,4.0,6.0,7.0,,3.5,4.5,2.0,5.5,,8.0,7.5,8.5,8.0,8.0,7.5,8.0,8.0,7.5,7.5,8.0,8.0,4.25,4.2,7.0,7.0,4.0,5.0,2.5,4.3,6.0,7.88
Oceania,Australia and New Zealand,New Zealand,2023,,,3.5,3.5,3.0,2.0,4.0,1.5,2.5,4.5,5.0,6.0,,4.0,5.5,2.0,4.5,,8.0,8.0,8.5,8.0,7.5,7.5,8.5,6.5,8.0,8.0,7.5,8.5,4.08,3.77,6.0,7.0,2.0,2.0,4.0,4.4,6.0,7.88
Europe,Northern Europe,Norway,2023,,,5.0,3.5,4.0,2.0,4.0,3.0,5.0,5.0,4.5,4.5,,4.5,4.5,1.5,4.5,,8.0,8.5,9.0,8.5,8.0,8.0,8.0,7.0,8.0,7.0,7.0,8.0,3.75,4.1,5.5,5.0,2.5,5.0,3.0,3.4,2.0,7.92
Europe,Western Europe,Andorra,2023,,,2.5,3.0,2.5,1.0,1.0,3.0,2.0,3.5,4.5,1.5,,1.0,4.0,1.5,6.0,,7.0,7.5,8.5,8.5,8.0,8.5,7.5,7.0,8.0,8.5,8.5,8.0,3.22,2.73,2.0,6.5,2.0,5.0,1.0,3.7,6.0,7.96
Asia,Eastern Asia,"Korea, Rep,",2023,,,5.5,4.0,2.5,3.5,4.0,2.0,3.5,3.5,3.0,5.0,,5.5,5.0,4.5,6.5,,9.0,8.0,8.5,9.0,9.0,8.0,7.5,8.0,7.0,7.0,8.0,8.0,4.43,3.57,3.5,4.0,3.5,3.0,3.0,5.3,5.0,8.08
Europe,Northern Europe,Denmark,2023,,,4.0,5.0,5.0,2.0,2.0,2.0,4.5,6.0,6.0,5.0,,5.5,4.5,2.0,5.0,,9.0,9.0,8.0,9.0,7.5,7.5,8.0,6.0,8.5,7.5,8.5,9.0,4.02,4.33,6.5,4.5,4.0,4.0,4.5,3.7,1.5,8.13
Europe,Northern Europe,Iceland,2023,,,4.5,3.5,2.0,1.0,1.5,1.0,1.5,5.0,4.5,4.5,,4.5,5.0,1.5,5.0,,8.0,7.5,8.5,8.5,8.5,9.0,8.5,8.0,8.5,7.5,7.5,8.5,3.37,2.93,5.0,5.0,3.0,1.0,1.0,3.8,3.0,8.21
Europe,Western Europe,Liechtenstein,2023,,,2.0,1.5,2.0,1.5,1.5,1.5,2.0,3.0,3.5,2.0,,1.0,1.5,1.5,3.0,,9.0,8.0,7.5,9.0,9.0,8.5,9.5,5.0,8.5,9.5,9.5,8.5,2.27,2.33,4.0,6.5,1.0,1.0,2.0,2.2,4.0,8.46
Europe,Northern Europe,Finland,2023,,,3.5,3.0,3.0,1.5,2.0,2.0,3.5,4.0,4.0,5.0,,3.0,3.0,1.5,3.0,,9.0,9.0,9.0,8.5,8.0,8.5,9.0,8.5,9.0,8.0,8.5,8.5,2.98,3.27,5.0,4.0,3.0,3.0,2.5,2.7,3.0,8.63
